restaurant_code,rating,feeling,commentText,customerId
poojzj,4,SAD,معجونش آب خالی بود.,185562
poojzj,10,HAPPY,فقط متن هرو که برای سفارش میزایمو نمیخونن,9760162
poojzj,2,SAD,من سفارش چشم داده بودم نیومد,8610631
poojzj,8,HAPPY,خوب بود ولی قیمت خیلی بالا بود و کاملا سرد به دستم رسید,1316489
poojzj,10,HAPPY,عااااالی بود و از هر نظر بیست ممنونم از شما قربان,5685850
poojzj,6,HAPPY,خيلي معمولي بود,1312253
poojzj,2,SAD,در ظرفهای خیلی کوچک و خیلی خیلی مقدارش کم بود پاچه ها از وسط نصف فرستاده شده بود و اب خیلی کم اصلا همچین چیزی ندیده بودم,3863594
poojzj,2,SAD,طعمش خوب نبود .,3636657
poojzj,2,SAD,بسیار بی مزه و بد مزه بار اول و اخرم بود,10353444
poojzj,6,HAPPY,نان تازه نبود ، مشكل سردي غذا رو با داغ كردن حل كردم ولي نان مونده بود ... بسته بندي خوب ، كيفيت مناسب ...,2364852
poojzj,4,SAD,خیلی بی مزه و بی نمک و جانیوفتاده,11424071
poojzj,2,SAD,اصلا خوب نبود .لاستیک بود انگاری.پولتونو نریزید دور,8042295
poojzj,10,HAPPY,نان و نارنج میتونه کیفیت بهتری داشته باشه,1122271
poojzj,6,HAPPY,انقدر بی مزه بود که کلی ادویه زدیم!! تازه بازم مزه کله پاچه نمیداد هرچیزی بود به جز کله پاچه,6867108
poojzj,4,SAD,کباب وسطش نپخته بود.,4993562
poojzj,6,HAPPY,طعم آب کله پاچه طعم سیرابی میداد و تمام مخلفات داخل آبگوشت له شده بود ودر کل طعمش اصلا خوب نبود من چند باری  خرید کرده بودم راضی بودم ولی متاسفانه این دفعه کیفیتش خیلی پایین بود ,4324573
poojzj,2,SAD,کم,11846491
poojzj,2,SAD,مزه آب میداد. کیفیت فوق العاده پایین بود,3676410
poojzj,2,SAD,به جای گوشت لخم گوشت کوبیده تحویل گرفتم و واقعا بوی افتضاحی داشت.,1359881
poojzj,2,SAD,بسته بندي اصلا مناسب نبود و بايد آبگوشت از ما بقي سفارش جدا بسته بندي ميشد,7542900
poojzj,2,SAD,خیلی بد بو و بی کیفیت بود نتونستم بخورم,171452
poojzj,2,SAD,"جدیدا کله پاچه ها بدون زبون شدن 
ولی بنا گوش و چشم اضافه ",7986127
poojzj,2,SAD,متاسفانه کیفیت غذا و دیگر خدمات به شدت افت کرده. من دیگه از این طباخی خرید نمیکنم,1317763
poojzj,10,HAPPY,خیلی عالی بود و از همه مهمتر این که اصلا به جاهای دیگه روغنش زیاد نبود و همین خیلی عالیه,4302305
poojzj,8,HAPPY,"گفته بودم سفارشو به تفکیک بذاره, همه ارو قاطی باهم فرستاده بود :(",8634262
poojzj,8,HAPPY,"خیلی تمیز و خوشمره به موقعم رسید 
ولی چرا روی دست کامل چشم نمیزازید ؟حتی یدونه چشمم نداشت لطفا رسیدگی بشه و پول ارسال هم زیاده واقعا ",6344901
poojzj,8,HAPPY,"اخیرا   گوشت   تازه  نمیفرستد 
قبلا   غذاش  بهتربود  ",11860534
poojzj,10,HAPPY,مثل  همیشه عالی  ، دمتون  گرم ,11580030
poojzj,6,HAPPY,دفعه قبل خوب بود اما این بار سیرابیا درشت درست انگار همش شیردون بود و طعمش خوب نبود,7559689
poojzj,10,HAPPY,بسیار عالی و خوشمزه,13673450
poojzj,10,HAPPY,مثل همیشه خوشمزه و تمیز و سر ساعت تحویل شد,5569860
poojzj,10,HAPPY,سپاس,3616223
poojzj,8,HAPPY,تمیز بود اما مزه نداشت,2068882
poojzj,8,HAPPY,طعم میتونست بهتر باشه ولی پاکیزگی عالی بود و سریع ارسال شد,1815250
poojzj,10,HAPPY,واقعا بسته بندی و همه چیز عالی,7761729
poojzj,10,HAPPY,همیشه  عالی  بوده,11580030
poojzj,10,HAPPY,همیشه عالی,11580030
poojzj,10,HAPPY,عالی  مثل  همیشه ,11580030
poojzj,10,HAPPY,همه چی عالی بود پیک هم عالی بود,13483558
poojzj,10,HAPPY,عالی,3304676
poojzj,10,HAPPY,خیلی تمیز بود ممنون,4148960
poojzj,10,HAPPY,کیفیت خوب بودش. فقط خیلی آبگوشت زیاد بود و بخش زیادیشو متاسفانه ریختیم دور.,1029981
poojzj,10,HAPPY,دمتون گرم   خدا بهتون برکت بده  ، عالی,11580030
poojzj,10,HAPPY,عالی,1126865
poojzj,10,HAPPY,تمیز و تازه,1317763
poojzj,10,HAPPY,سپاس,3616223
poojzj,10,HAPPY,دمتون گرم ، مثل همیشه عالی,11580030
poojzj,10,HAPPY,آقا  من زیاد  کله پاچه  ، سیرابی میخورم توی  این  فصل  ، غذا این طباخی حرف نداره,11580030
poojzj,10,HAPPY,کیفیت  غذا عالی  ، مثل  همیشه ,11580030
poojzj,10,HAPPY,فوق العاده,3347713
poojzj,10,HAPPY,مثل  همیشه عالی ,11580030
poojzj,10,HAPPY,عالی,5446431
poojzj,10,HAPPY,مثل  همیشه عالی  بود ,11580030
poojzj,10,HAPPY,همه چی عالی تمیز بسته بندی مرتب,7761729
poojzj,4,SAD,کله پاچه بود ولی آب سیرابی داخلش ریخته بودن بسیار آبکی بود. کاش حجمش کم باشه ولی کیفیت داشته باشه بسیار آبکی و بی‌مزه.,1046286
poojzj,10,HAPPY,Kheli alii bod man razi bodam ,6999421
poojzj,10,HAPPY,واقعا عالی بود سیرابی ها هم خیلی خوب پخته شده بودن فقط نارنج کم بود فکر میکنم باید دوتا میدادن یکی بود,4563969
poojzj,10,HAPPY,در سفارشات قبلی خیلی سریع تحویل داده میشد,12081006
poojzj,6,HAPPY,"کیفیت غذا و نون پایین بود
غذا سرد بود گرمش کردم یه بوی خیلی بدی میداد",258245
poojzj,10,HAPPY,خیلی تمیز و تازه و خوش مزه بود و اسنپ اکسپرس هم گرم رسوند خیلی ممنونم ,6098301
poojzj,4,SAD,مزه آب میداد,1528573
poojzj,2,SAD,بو میداد،آبش به اندازه نبود،گوشت کم بود,3949316
poojzj,10,HAPPY,عالی,7445890
poojzj,10,HAPPY,عااالی,6972810
poojzj,10,HAPPY,سیرابی خیلی تمیز بود اصلا بو هم نمیداد,230926
poojzj,6,HAPPY,خوب نبود. سرد و بد مزه,3415206
poojzj,10,HAPPY,خوب بود البته بخاطر کرونا در مورد طعمش نظری ندارم ولی تمیز و مرتب بود و به موقع هم رسید ممنونم,4329006
poojzj,8,HAPPY,بسیار دیر و غذا سرد رسید,7418285
poojzj,8,HAPPY,خوشمزه بود ولی سرد بود بااینکه روبه روی طباخی هستیم ۱۵تومنم پول پیک بود,6493909
poojzj,10,HAPPY,awli,7952985
poojzj,10,HAPPY,عالی بود.,5127165
poojzj,10,HAPPY,تمیز و خوب بود ممنون,10357387
poojzj,10,HAPPY,خوب و تمیز بود،سریع فرستادن،ممنون,1436081
poojzj,8,HAPPY,نان اضافه نیامده بود,5472666
poojzj,8,HAPPY,درخواست كرده بودم روغن نريزين اما پر روغن بود روش,424600
poojzj,10,HAPPY,نان تازه، لیمو تازه بود. واقعا عالی بود.تشڪــر,4720115
poojzj,10,HAPPY,خیلی عالی بود ممنون,10516671
poojzj,2,SAD,با این حجم از سفارشات،تنها  در یک عدد ظرف همه را روی هم ریخته بودن هزینه بسته بندی هم جدا دریافت کردن اونوقت پنج سفارش و دو آبگوشت ریختن توی یه ظرف!!!،ادویه نداشت خیلی بدمزه بود.,7559733
poojzj,10,HAPPY,خیلی راضی بودم. یک ربع زودتر از زمان مدنظرم تحویل داده شد و بسیار خوش برخورد بودن. غذا داغ و بسیار تمیز بود و داخل ظرف پلاستیکی دسته دار و محکم با درب سفت.  نان سنگک هم تازه و نرم و خیلی زیاد هم گذاشته بودن. ممنون که صبح جمعه مارو دلچسب کردید :),3912805
poojzj,8,HAPPY,واقعا همه چی خوب بود,9840480
poojzj,2,SAD,ساعت ۹ سفارش دادم تا ساعت ۱۱ صبر کردیم,4930713
poojzj,6,HAPPY,سلام....نون سنگگ نصفش سوخته و کاملا بیات بود درحالی که سنگیها همشون باز هستند....رنگ آبگوشت در عکس اسنپ با ارسالی کاملا مغایرت داشت....بدلیل نبود مواد افزودنی.....همه پاچه و گوشت لحم داخل آبگوشت ریخته شده بود...بسته بندی نامناسب...پبک اصرار داشتن اگر آسانسور باشه میان بالا....با اصرار بنده بالخره اومدن بالا.....ولیکن طعم غذای ارسالی خوب و تمیز بود....امیدوارم این نکات ریز را همچنین خیلی جدی بگیرند.....ممنون,9571088
poojzj,10,HAPPY,با سپاس از کیفیت بسیار خوب ,1113045
poojzj,4,SAD,"دو پرس معجون سفارش دادم ولی در کمال تعجب حجم ظرفی که فرستادن به اندازه یک پرس بود و به نظرم کم فروشی کردن
چون من همین معجون رو از جاهای دیگه هم گرفتم و حجم یک پرس جاهای دیگه به اندازه حجم دو پرس اینجا بود...",126986
poojzj,2,SAD,بعد از ۲:۳۰ دقیقه بسیار دیر و سرد به دستم رسید,288783
poojzj,10,HAPPY,بسیار عالی و خوشمزه دستتون درد نکنه ,1306245
poojzj,10,HAPPY,فوق العاده عالی بود .پیشنهاد میدم امتحان کنید .,3629737
poojzj,2,SAD,در یک جمله افتضاح بود اصلا بدرد نمیخورد ,11628703
poojzj,6,HAPPY,برای اوردن تا دم واحد تقاضای پول داشتن,6729563
poojzj,2,SAD,بسیار بی کیفیت بود. ,202126
poojzj,10,HAPPY,خوشمزه و تمیز و کم چرب با طعم واقعی کله پاچه . فقط سرد بود که طبیعطا به خاطر مسیر و سرما بود,7238170
poojzj,6,HAPPY,غذا خوب بود ولی انقدر دیر رسید که سرد شده بود ,5315518
poojzj,8,HAPPY,بسته بندی خوب ، کیفیت عالی نبود ولی خوب بود ، نان سنگک تازه و خوب بود . سفارش کامل تحویل داده شد. ممنون از زحمتتون,4384692
poojzj,10,HAPPY,"خوب و با بسته بندی خوب
",215117
poojzj,10,HAPPY,تمیز و تازه,3388263
poojzj,8,HAPPY,"همیشه حضوری میریم این طباخی.این بار بخاطر شرایط کرونا سفارش دادیم برامون بیارن.
همه چی مثل همیشه عالی بود.
من شیفته ی تمیزی و بهداشت این طباخی هستم",8210399
poojzj,10,HAPPY,عالی عالی عالی، ممنون از تیم طباخی ساعی ,8966953
poojzj,10,HAPPY,عالی بود همه چیزش اندازه بود ,210392
poojzj,8,HAPPY,کله پاچه عالی بود ولی سنگک همراهش که اضافه هم سفارش داده بودم تازه نبود و کیفیت خوبی نداشت.,9326753
poojzj,10,HAPPY,کیفیت عالی بود هیچ بوی بدی نداشت,3244105
poojzj,10,HAPPY,سلام بسیار عالی و با کیفیت، ممنون که به توضیحات توجه میکنید وسپاسگزار از پیک محترم خیلی سریعتر از زمان تعیین شده تحویل داده شد کسبتون پر رونق ,7231675
poojzj,8,HAPPY,کیفیت خوب و طعم واقعی ،تحویل سروقت ،,8993689
poojzj,6,HAPPY,خیلی طعم خاصی نداشت. پیک هم غذا رو دم در تحویل نداد و مجبور شدم برم تو خیابون بگیرم که اولین بود این اتفاق می افتاد. ,153880
poojzj,10,HAPPY,عالی و بسیار تمیز و باکیفیت,8868873
poojzj,2,SAD,اصلا توب نبود نه مزش نه کیفیت پختش نه مقدارش خیلی خیلی کم بود نسبت به سفارشی که دادم ۱۱۸ تومن پرداخت کردم فقط ۵ لقمه گوشت از توش دراومد همش اب  خالی بود,8583800
poojzj,8,HAPPY,بد نبود دیر دستم رسید,6867108
poojzj,2,SAD,فوق العاده بد طعم و بی کیفیت سر شیر آب رو باز کرده بودند روی پاچه ها ,2404815
poojzj,10,HAPPY,خیلی خوب ممنونم,1607297
poojzj,10,HAPPY,عااالی.ممنون,3807552
poojzj,10,HAPPY,همه چی عالی بود ولی خیلی دیر رسید، دقیقا ۲ ساعت بعد از ثبت سفارش!,281179
poojzj,10,HAPPY,خیلی تمیز و خوشمزه بود,1198227
poojzj,4,SAD,دير و سرد وسيدن غذا،واصلا معجونش خوب نبود,7090011
poojzj,10,HAPPY,"
زمان اعلامی ۱:۰۶ بود اما ۱۵ دقیقه ای رسید و خوب بود",630272
poojzj,10,HAPPY,مثله همیشه عالی دمتون گرم ,771570
poojzj,10,HAPPY,عالی بود   ممنون,965547
poojzj,10,HAPPY,"سلام بسیار عالی، با کیفیت، گرم وخیلی سریع به دستم رسید 
ممنون از طباخی ساعی (آزادی) و پیک محترم ",7231675
poojzj,10,HAPPY,عااااالی بود سیراب شیردان عااالی خیلی ممنون,8670617
poojzj,10,HAPPY,بسیار خوش طعم و خوشبو. میزان هر دو پرس کافی بود. زود به دستم رسید. ,8919781
poojzj,10,HAPPY,عالی بود.ممنون,9120990
poojzj,10,HAPPY,عالی بود مرسی,2710933
poojzj,10,HAPPY,عالي ,1133507
poojzj,10,HAPPY,عالی بود. ,2758504
poojzj,10,HAPPY,تشکر هم به موقع هم با کیفیت,8645405
poojzj,10,HAPPY,سلام، از نحوه سرویس دهی و بسته بندی راضی و ممنونم ، ولی دفعه بعد ترجیح میدم بجای این معجون آبگوشت مغز  سفارش بدم، چون از بین محتویات داخل آبگوشت فقط تکه های مغز طعم دهنده هستن، بقیه محتویات طعم خاصی به آبگوشت نمیدن. ولی در مجموع به عنوان اولین تجربه، ازش راضی بودم. ,3689434
poojzj,10,HAPPY,پیاز خواستم فراموش کردید بفرستید،  بقیه موارد عالی بود ممنون,965547
poojzj,10,HAPPY,"من یه خونم تو نواب یه خونم آزادی، هر کدوم که باشم بازم کله پاچه های آخر هفته رو فقط از ساعی سفارش میدم، کیفتتون خیلی خوبه ، ممنون ازتون
فقط وقتهایی که نوابم چون یکم دوره دیر به دستم میرسه ",3845685
poojzj,10,HAPPY,"همه چیز عالی با بسته بندی بهداشتی و مناسب 
خسته نباشید ",5391942
poojzj,10,HAPPY,"خوب بود ممنون
پیک عالی",965547
poojzj,10,HAPPY,خوب بود.,3353409
poojzj,10,HAPPY,"خسته نباشید و خدا قوت
همه چی عالی ، پر برکت بود و آبرومندانه ، با اینکه کلا قیمت همه طباخیها افزایش پیدا کرده و دیگه مثل گذشته توان مالی اجازه نمیده
اما کاملا راضی هستم ، کیفیت خوب ، مطبوع و گرم بود 
امیدوارم لحظه به لحظه بر حفظ و افزایش کیغیت همت کنید
",7761705
poojzj,10,HAPPY,عالی مثل همیشه,7378116
poojzj,8,HAPPY,تمیز بود. ممنون,4861467
poojzj,10,HAPPY,راضی بودم به موقع و گرم دستم رسید و همه چی خوب و با کیفیت بود,6826105
poojzj,10,HAPPY,با کیفیت و خوش طعم بود خیلی خیلی ممنونم و راننده پیک خیلی مودب و با شخصیت بود.,3523051
poojzj,10,HAPPY,به موقع رسید خیلی عالی بود گرم بود و مقدارش خیلی خوب بود ,9902286
poojzj,10,HAPPY,بسیار لذیذ,7296829
poojzj,10,HAPPY,عااااااالی بود واقعا ممنونم,209662
poojzj,10,HAPPY,خوش نمک و عالی,5745962
poojzj,2,SAD,بد مزه ترين و بي كيفيت ترين كله پاچه عمرم بود و برخورد پيك هم اصلا خوب نبود و پيك خود رستوران هم بود,9488598
poojzj,8,HAPPY,همه چی خوب بود فقط سرد رسید دستم,6438315
poojzj,0,HAPPY,عااااااالی مثل همیشه,4089108
poojzj,10,HAPPY,ممنون امیدوارم کیفیت و تازگی رو همیشه در موادغذایی حفظ کنن . خدا قوت ,7310767
poojzj,8,HAPPY,خوب بود,228563
poojzj,10,HAPPY,بسیار تمیز و خوشمزه بود ، توی این منطقه گمونم جز بهترین ها باشه ، ,5648694
poojzj,10,HAPPY,همه چی عالی و تمیز و پر ملات و توجه به درخواست و ۵ ستاره، ممنون. اما!؟ عزیز دل چرا سفارش ترشی سیر را نفرستادی؟ خود شما لطفا با پشتیبانی هماهنگ فرمایید و بهایش را به کیف پول برگشت نمایید. متشکرم. و تشکر از پیک گرامی,6315134
poojzj,10,HAPPY,"خیلی سریع و به موقع رسید 
از نظر طعم هم مزه کله پاچه خوب و اوکی بود 
 تازه هم بود ",1570451
poojzj,10,HAPPY,عالی و تمیز ,4247681
poojzj,10,HAPPY,خوشمزه بود بسته بندیش خوب بود ,6851499
poojzj,4,SAD,کله پاچه مزه اب میداد وبسیار سرد شده بود,3124476
poojzj,10,HAPPY,عالی بود,7656862
poojzj,10,HAPPY,خوب بود همه چی در حد انتظار بود  . بموقع رسید و گرم بود . ,1598467
poojzj,10,HAPPY,سیراب شیردان عااالی بود، گرم و همه مواردی که خواستم رو داشت. ممنونم,8670617
poojzj,8,HAPPY,"کیفیت خوب بود و اگه طبق منو نارنج هم می فرستادین عالی میشد 
ممنون ",4373854
poojzj,8,HAPPY,من اولین بار بود از این طباخی سفارش می دادم. تا حدی با تاخیر رسید اما از طعم و کیفیت راضی بودیم. ,2434214
poojzj,10,HAPPY,ممنون،,3353409
poojzj,10,HAPPY,سیرابی خیلی خوش طعم و‌ تمیز بود و با بسته بندی خیلی مناسب بدستمون رسید ممنون ,1375703
poojzj,10,HAPPY,ممنون,7656862
poojzj,10,HAPPY,خوب ممنون,965547
poojzj,10,HAPPY,عالی,8492298
poojzj,10,HAPPY,من مشتری حضوری این طباخی هستم و برای اولین بار آن لاین سفارش دادم، مثل همیشه عالی,4390383
poojzj,8,HAPPY,خوب بود,2623078
poojzj,10,HAPPY,همه چیز عالی تمیز و به موقع ..لطفا همینطور بمونید ,846048
poojzj,10,HAPPY,عالی بود ,7815017
poojzj,10,HAPPY,هم خوشمزه بود هم زود رسید عالی بود,4326666
poojzj,10,HAPPY,"این طباخی حرف نداره
طعم غذا عالی و تازه",855822
poojzj,6,HAPPY,معمولی بود.,919124
poojzj,10,HAPPY,همه چیز تازه، خوشمزه و گرم بود. توی این جور خوراکها خیلی حساسم ولی از این سرویس راضی بودم. دمتون گرم.,350378
poojzj,10,HAPPY,طعم و مزه عالی ، یه موقع ارسال کردید ، غذا گرم خوشمزه واقعا متشکرم,7479251
poojzj,8,HAPPY,همه چی خوب بود ولی متاسفانه با این که نزدیک هم هستیم کلی طول کشید,224385
poojzj,10,HAPPY,سفارشم خیلی سریع رسید و کاملا داغ و طعم خوبی هم داشت,6535935
poojzj,8,HAPPY,عالی بود. ممنون,5598833
poojzj,10,HAPPY,عااااااالی ,5657601
poojzj,6,HAPPY,دست شما درد نکنه خیلی خوب بود یه مقدار فلفلش زیاد بود ,1130285
poojzj,10,HAPPY,"خیلی خوش طعم و خوب بود.
 و گرم و تازه و با بسته بندی خوب به دستم رسید.",8051470
poojzj,10,HAPPY,عالی بود,642504
poojzj,10,HAPPY,تمیز و خوب و خوش طعم بود حجمشم خوب بود فقط مغز داخل آبگوشت حجمش خیلی کم بود,626887
poojzj,10,HAPPY,کیفیت خیلی خوبی داره ممنون ازتون,8948770
poojzj,10,HAPPY,"به به، خیلی خوب بود، راضی بودم واقعا 
طعم و بوی خوبی داشت، گرم و بموقع به دستم رسید 
دوباره خرید خواهم کرد.",3547128
poojzj,10,HAPPY,بسیار عالی و با کیفیت بود و به موقع دست ما رسید ممنون,210392
poojzj,10,HAPPY,"کیفیت عالی بود
اصلا بوی بد نمیداد ، کوچکترین مویی توش نبود و خیلی عالی تمیز شده بود
یکی از دوستان که از کله‌پاچه متنفره کنارمون بود و برای اولین بار توی عمرش تست کرد و خوشش اومد
خیلی عالی
تشکر",764970
poojzj,10,HAPPY,عالی ,210392
poojzj,10,HAPPY,خیلی تمیز بود عالی ,13300903
poojzj,4,SAD,شور بود و دیر تحویل دادند,6976610
poojzj,10,HAPPY,"آقا خیلی عالی و تمیز داغ و سریع آوردن 
پیشنهاد میکنم حتما امتحان کنید",5426855
poojzj,10,HAPPY,"ممنونم 
بسیار خوش طعم و خوب بود 
دمتون گرم ",287488
poojzj,10,HAPPY,طعم عالي فقط نان خشك بود ولي در كل خوب بود,3304347
poojzj,2,SAD,فقط میتونم بگم افتضاح: تاخیر بسیار زیاد غذا (حدود ۲ ساعت) _ کم بودن و کیفیت پایین نان ارسالی _ غذا کمی سرد احتمالا بخاطر تاخیر _ هزینۀ بسیار بالای غذا نسبت به کیفیت و حجم,9124920
poojzj,6,HAPPY,"زود رسید 
آبگوشت 
پاچه 
زبون.
بناگوش و گوشت لخم سفارش دادم ولی اندازه بناگوش و گوشت بهم کلا باهم اندازه کف دست شد,  بنظرم یا بناگوش یا گوشت لخم یادشون رفته یا عمدا کم گذاشتند ",5640059
poojzj,4,SAD,کیفیت غذا پایین بود متاسفانه,6729828
poojzj,2,SAD,گوشت خیلی خیلی کم بود انگار اصلا نصفه بود من دوتا گوشت زده بودم و زبان ها یکی خیلی کوجیک و یکی معمولی بود و انقدر دیر ارسال شد که به شام نرسید و برای صبحانه گذاشتم کنار کاش رسیدگی شود و اندازه ها سلیقه ای نباشد با اینهمه کسری ممنون,7195551
poojzj,10,HAPPY,"عالی بود.
فقط بسته بندی اش زیاد جالب نبود.",8001081
poojzj,2,SAD,دوتا سفارش جداگونه داشتم جفتش روتوی یک ظرف گذاشته،وقیمت ظرف پلاستیکی معمولی رو۳۰۰۰هزارتومن گذاشته،ازطرفی پیک اصلا برخورد مناسبی نداشت،زنگ آیفون خونه رومیزنه میگه بیا پایین تحویل بگیر،۹۰۰۰هزارتومن هزینه پیک گرفته که بیاد دم درواحد تحویل بده.من گفتم امتیازش بالاست شاید خوب باشه،من خیلی کم نظر میدم،هرروز ازاسنپ فود غذا سفارش میدم این بدترین بود.,6035237
poojzj,8,HAPPY,"اسنپ فود عزیز، هزینه ارسال از آزادی تا دکتر هوشیار ۱۴۰۰۰ تومن به نظرتون زیاد نیست؟؟
غذا ها همگی خوشمزه و با کیفیت بود.
ممنون ",2036254
poojzj,2,SAD,در یک کلمه ((افتضاح)),1493341
poojzj,2,SAD,فوق العاده دیر رسید دستم.,8446854
poojzj,0,HAPPY,واقعا عالی- هم خوشمزه بود هم ظرف مناسب داشت هم گرم بود و به موقع به دستم رسید.,6725217
poojzj,8,HAPPY,"من معجون رو از یه جای دیگه قبلا گرفته بودم، اینقد پر ملات بود ۳نفری در دو وعده خوردیم، اما این معجون خیلی آبکی‌تر و سبکتر بود!
وقتی به دستمون هم رسید سرد بود 
اما در مجموع بد نبود",325767
poojzj,8,HAPPY,خیلی زود رسید ، غذا هم خوب بود ممنون,6749469
poojzj,8,HAPPY,مزه خوبی داشت ارسال هم خیلی به موقع بود اما آب گوشت یکم رقیق بود,4048475
poojzj,10,HAPPY,کیفیت خوب و بسته بندی مناسب و تمیز و ارسال سریع ,4390383
poojzj,2,SAD,بد نبود عالی هم نبود ,898563
poojzj,4,SAD,مزه اش خوب نبود,9030028
poojzj,2,SAD,غذا رو هیچ موقع گرم نمیفرستن,713300
poojzj,10,HAPPY,"با عرض سلام و خسته نباشيد
كيفيت و حجم بسيار عالي ، بسيار تازه و خوشمزه بود و زود تر از تايم اعلام شده به دستم رسيد، خيلي ممنون از مجموعه محترم و پيك باشخصيتتون",1462621
poojzj,10,HAPPY,با سلام و خسته نباشید خدمت کادر طباخی ساعی.مثل همیشه عالی.ولی چقدر خوب بود نان تازه تر بود.ممنونم,11677517
poojzj,10,HAPPY,عالی بود خیلی ممنون,6460846
poojzj,2,SAD,سفارش امروز افتضاح بود غذا بسیار بسیار دیر به دستم رسید و مطمئنا دیگه از این طباخی سفارش نمیدم ,4709271
poojzj,2,SAD,خیلی بد بود،انگار شیر آب توش باز کرده بودن از بس که آبکی بود،تمام مزه ی کله پاچه توی اون همه آب شسته شده بود رفته بود,420601
poojzj,10,HAPPY,از غذا راضی بودم  خوشمزه بود و سریع و بسته بندی بهداشتی بود,1227231
poojzj,10,HAPPY,بسیار عالی بودو به موقع آمد.با تشکر ,9120990
poojzj,6,HAPPY,سرد بود,11791678
poojzj,10,HAPPY,عالی یود,654249
poojzj,10,HAPPY,هم غذا خوب بود هم پیک باشخصیت,5086155
poojzj,8,HAPPY,خوب بود,3690013
poojzj,10,HAPPY,خیلی خوش طعم و تمیز و مرتب ,3299305
poojzj,8,HAPPY,"طعم و کیفیت غذا خوب  بود
متاسفانه دیر ارسال شد",9440254
poojzj,10,HAPPY,خیلی خوب بود ,1047723
poojzj,10,HAPPY,غذا گرم و سریع رسید فقط کمی از آب غذایداخل ظرف داخل پلاستیک ریخته شده بود.,369477
poojzj,10,HAPPY,خوش طعم بود خیلی ,8468987
poojzj,10,HAPPY,عالی بود دستتوندرد نکنه,5049938
poojzj,8,HAPPY,من توی درخواستم نوشتم چه زمانی ارسال بشه چون نمیخواستم دوباره گرم کنم،ولی زودتر آوردن,3969135
poojzj,10,HAPPY,عالی بود.فقط ای کاش آب گوشت را جدا میگذاشتند ,4522574
poojzj,10,HAPPY,مثل همیشه تمیز و عالی بود.ممنون.,4947503
poojzj,10,HAPPY,"خسته نباشید
همه چی عالی بود
ممنونم",3723178
poojzj,10,HAPPY,حجم گوشت لخم خیلی کمتر از دفعات قبل بود. در کل سرعت عمل خوبی دارید ,369477
poojzj,10,HAPPY,عالی بود. تشکر ,9738264
poojzj,6,HAPPY,در ظاهر مشکلی نداشت ولی طعم خاصی نداشت,8131959
poojzj,8,HAPPY,معجونش با آبگوشت هیچ فرقی نداشت. مابقی خوب بود,7626663
poojzj,10,HAPPY,خوب و خوش طعم و کاملا قابل قبول.,8051470
poojzj,10,HAPPY,باسلام  ، رفتار  پيك محترمانه بود و لطف كردن سفارش رو داخل آسانسور گذاشتن و كيفيت غذاهم خوب بود ممنونم,3882579
poojzj,2,SAD,اصلا مزه نداشت,7625883
poojzj,8,HAPPY,به جز اینکه یکم آب گوشت رقیق بود کلن طعم خوبی داشت متشکرم,5458375
poojzj,10,HAPPY,مثل  همیشه عالی  ، فقط  سیراب و شیردان  کمی بیشتر  خرد  شده بود ، بهتر  بود؟ ,11580030
poojzj,10,HAPPY,"خوشطعم بود
ولی مقدارش خیلی کم بود",3009760
poojzj,10,HAPPY,رضایت حاصل شد,6168478
poojzj,6,HAPPY,سلام خسته نباشید بنده چیزی که سفارش دادم مغایرت داشت بنده مغز سفارش دادم کلا نبود بناگوش کامل سفارش دادم نصفه بود لطفا بیشتر توجه کنید,7306929
poojzj,10,HAPPY,خوب پخته شده بود و بنظر من خیلی عالی بود. دم شما گرم ,1504939
poojzj,10,HAPPY,خوب بود,338395
poojzj,10,HAPPY,"فوق العاده بود،هم برخوردشون،هم غذا
به موقع رسید و بسیار خوشمزه",2554507
poojzj,10,HAPPY,اول گرفتم بعد یه سری نظرات و دیدم پشیمون شدم که کم بیاد و بیمزه باشه اما واقعا خوشمزه و تمیز و به اندازه بود سریع هم رسید واقعا عالی بود,8152352
poojzj,10,HAPPY,عالی ، لذت بردیم,319460
poojzj,10,HAPPY,بسیار عالی ممنون ,5611959
poojzj,10,HAPPY,عالی ممنون ازتون هرچی بگم‌کمه با توجه به اینکه دور بودم زود رسید داغ داغ بود و خوش طعم,4175923
poojzj,10,HAPPY,عالی بود ممنون ,5287593
poojzj,2,SAD,"واقعا همه چی خوب بود
اما این پیک این همه پول می گیره چی کار می کنه
شاکی هست همش دیر میاره مسیریابی بلد نیست و از همه مهمتر دم واحد هم نمیاره تحویل بده",1410549
poojzj,10,HAPPY,مثل همیشه عالی بود.ممنون از شما و پیک مودب و با محبتت تون.,3478401
poojzj,8,HAPPY,خیلی عالی و خوشمزه بود فقط کله پاچه رو با نان سنگک میل میکنن و داخل منو هم سنگک زده بود در صورتی که بربری گذاشتن ، لیمو رو هم کنار نان قرار داده بودن که بهداشتی نیست و اینکه کله پاچه کامل بود ولی فاقد چشم بود,374754
poojzj,10,HAPPY,با تشکر ، همون چیزی که در توضیحات نوشتم را رعایت کردند ,7028772
poojzj,10,HAPPY,خوب بود و زود آمد، ولی نارنج و لیمو تازه نداشت که حیف شد.,1385943
poojzj,10,HAPPY,مثل همیشه عالی .سپاس,5667217
poojzj,6,HAPPY,همه چی عالی حجم آب گوشت خوب بود طعم غذا خوب بود فقط یه نکته که خیلی تو ذوق میزد گذاشتن نان و نارنج کنار هم بود که جفتش تو ۱ نایلون قرار داشت بهتر بود ک از هم جدا باشن,5513468
poojzj,10,HAPPY,عالی بود خیلی خوب وتازه,4544238
poojzj,10,HAPPY,عالی,4108797
poojzj,10,HAPPY,خوشمزه و تمیز بود,7766657
poojzj,6,HAPPY,"سلام 
اول اینکه ظرف غیر استاندارد برای ارسال استفاده شده بود،دیگه داخل این ظروف نباید غذا مخصوصا داغ سرو بشه
دوم آب گوشت کاملا بی مزه وکلا انگار آب بسته بودن داخلش بدون رنگ 
سوم زبان خیلی کوچیک بود اصلا این مبلغ با این هزینه ارسال واقعا زیاد بود 
خیلی بی مزه در ضمن لیمو تازه میزارن نه بسته آب جوهرلیموی کارخانه ای که کاملا مضر هست ",10903770
poojzj,8,HAPPY,کیفیت و طعم عالی، بسته بندی هم مناسب بود ولی نان سنگک به شدت بیات و مانده بود ,5158935
poojzj,2,SAD,از سفارشم راضی نبودم. اصلا خوش مزه نبود. سیراب شیردان خیلی بو میداد,5378224
poojzj,10,HAPPY,مثل همیشه عالی بود ممنون,7656862
poojzj,2,SAD,"میزان گوشت لخم که در سفارش بود دقیقا از یه تیکه گوشت خورشتی هم کمتر بود!!!


بناگوش هم نصف بناگوش کمتر بود


ترشی مخلوط هم بسیار بی کیفیت و فقط چندتا تکه کلم بود ",3748852
poojzj,2,SAD,"کم فروشی و گران فروشی به چه قیمتی
بعد از یکساعت ونیم و پیگیری مکرر سفارش رسید
دو پرس عملا یک پرس بود.قطعات بسیار کوچک و ریز شده و بدون جگر.حتی یک پرس هم نمی شد اسمش رو گذاشت(نصف عکسی که گذاشته اند) با این هزینه بالا ",310547
poojzj,10,HAPPY,کیفیت فوق العاده خوب بود,1241665
poojzj,10,HAPPY,عالی و خوشمزه,4108797
poojzj,4,SAD,سلام کیفیت بسیار افت کرده .و بوی زخم می داد ، و مونده بوده ، ادویه هم نداشت,5980889
poojzj,4,SAD,چرب و آبگوشت هم آبكي بود,3631026
poojzj,10,HAPPY,هم واقعا تمیز بود غذا و سرویسشون و هم پرسنل بسیار لطف و توجه داشتند، همه چی عالی بود، ممنونم,7312081
poojzj,8,HAPPY,از نظر کلی خوب بود و یک عدد پاچه هم در سفارش بود که فراموش کرده بودند و در سفارشی که بدستم رسید نبود متاسفانه,3301471
poojzj,2,SAD,بسیار اب ارسال شده بود و کمترین مقدار مواد را داشت,7541928
poojzj,2,SAD,بجای نوشابه خانواده ، نوشابه قوطی ارسال شد ، بجای پاچه ، آب مغز ارسال شد !!!! ,2364852
poojzj,10,HAPPY,با سلام کیفیت و بسته بندی خوب بود فقط ب نظرم حجم بناگوش کامل یکم کم بود ولی در کل خوب بود ممنون,9780170
poojzj,4,SAD,من سیرابی و پاچه رو جداگانه سفارش دادم اما همه رو با هم تو یک ظرف ریختن که آب کمتری ببره که اصلا کار قشنگی نبود و باید مثل بقیه جاها جدا جدا ارسال میکردن.,3912313
poojzj,10,HAPPY,با سلام، دست مریزاد. کل سفارش عالی بود. ممنون. و تشکر از پیک عزیز و اسنپ فود.,6315134
poojzj,2,SAD,بی مزه ترین کله پاچه ی دنیا توی معجون کلا هیچی نبود یعنی اگه اب مغز گرفته بودم غلیظ تر بود فقط دو تا ظرف آب مغز خیلی رقیق برام فرستادن در کل و زبان هم نصفه بود!!!!,7257603
poojzj,10,HAPPY,واقعا ممنونم هم بسته بندی مناسب وداغ و به موقع رسید فقط لطفا نان رو با نارنج داخل یک پکیج گذاشته نشه بهداشتی نیست سپاس,2840221
poojzj,10,HAPPY,"بسیار تمییز و کم نمک و کم چربی 
مخصوص دوران نقاهت بعد از بیماری بود واقعا . امیدواریم همیشه همینجوری باشه ممنون ",7310767
poojzj,10,HAPPY,"خوشمزه بود ، با وجود فاصله زیاد به موقع و گرم ارسال شد و بسته بندی مناسبی داشت و اندازه هم خوب بود 
ممنون ",5677803
poojzj,8,HAPPY,همه چی خوب بود فقط دیر رسید ,8757448
poojzj,10,HAPPY,"غذا خیلی سریع ب دستم رسید
و از کیفیت خوبی برخوردار بود",3990654
poojzj,10,HAPPY,"کیفیت غذا خوب
حجم غذا خوب
ولی به نسبت سفارش نان (۲بسته اضافه) داده شده به نظر نان کمی در نظر گرفته شده بود. 
تشکر",4856068
poojzj,4,SAD,نسبت به پولی که دادم زبانش یه تیکه بود,8054451
poojzj,2,SAD,بحدی بدبو و کهنه بود که تغییر رنگ داده بود . خدا میدونه یه ذره از غذا تست کردم باقیشو دست نخورده انداختم دور. من که عاشق کله پاچه هستم قسم میخورم حالا حالاها نتونم سمت این غذا برم . حیف پول. من که راضی نیستم ,3925847
poojzj,10,HAPPY,خوب و تمیز و عالی ,3612070
poojzj,2,SAD,با سلام درست نیست مردم پول پرداخت کنن ولی راضی نباشند بناگوش کامل فقط پوست بود اندازه یک قاشق گوشت داشت درضمن داخل منو بناگوش با نان سنگک است و من نون اضافه هم خواستم ولی مقدار نون کم بود واقعا متاسفم.,11799450
poojzj,8,HAPPY,من ساعت ۱۱ شب سفارش دادم طعمش خوب  بود ولی یه دست کاملش  به نظرم یکم به اب بسته بودنش  و زبون و من ۳ تا نون اضافه سفارش داده بودم که اونم نذاشتن برام و ساعت ۱۲ شب کله پاچه با چند تیکه نون خیلی کم داشتیم ,3491066
poojzj,2,SAD,تا حالا همچین چیزی ندیده بودم،سیرابی که خیلیم کم و قطعات بسار کوچیک بود که عجیبه واقعا،بجای اب خودش روش اب کله پاچه ریخته بودن! دیگه نمیشد بهش سیرابی گفت، ،پاچه رو تیکه تیکه باید پیدا میکردی،خرد شده بود بجای درسته،زبان بسیار کوچک،گوشت هم شاید نصف چیزی که باید باشه هم نبود،نباید هر چی ته دیگتونه بفروشین چون اونجا نیستیم، اونم با این قیمت،مزه هم پایین تر از متوسط،نان سنگگک ماشینی بی کیفیت...,4451155
poojzj,10,HAPPY,"کیفیتش خوب بود.
کاملا گرم رسید دستم.
فقط این هزینه ارسال و بسته بندی کمتر بشه خوبه.
ممنون.",308970
poojzj,10,HAPPY,عالی بود ممنون,7656862
poojzj,10,HAPPY,كاملا تميز و مرتب، خوش طعم و دلچسب- عالي بود,11232875
poojzj,6,HAPPY,پاچه ها عالی بودن و درشت به توضیحات خیلی احترام گذاشته بودند.سپاس ولی ازشون خواستم آبی که همراه پاچه هاست بیشتر باشه. آبش مزه موندگی میداد و مزش خوب نبود اصلا,1711669
poojzj,6,HAPPY,"پول کوکا خانواده رو گرفتن، کوکا قوطی تحویل دادن.
ایندفعه کیفیت پایین بود.",1283777
poojzj,8,HAPPY,خوب بود و گرم نازه و سریع,7719103
poojzj,6,HAPPY,مقدار بناگوش اونقدری که سفارش دادم نبود و تاخیر در تحویل و عطر و مزه ای که باید داشته باشه رو نداشت,6358899
poojzj,6,HAPPY,ظرف شکسته بود و مقداری هم از غذا بیرون ریخته بود,8876116
poojzj,10,HAPPY,حرف نداره ,9595387
poojzj,6,HAPPY,خیلی بیمزه بود خورد توی ذوقم ,5602290
poojzj,8,HAPPY,متوسط بود.. ,7428086
poojzj,8,HAPPY,حجم شیردان کم بود، سرویس سریع بود، غذا گرم رسید، بسته بندی خوب بود، کمی گران ولی خوشمزه,1155403
poojzj,2,SAD,"سفارش بناگوش دادم زبون فرستادن 
این یعنی چی ؟",210606
poojzj,4,SAD,پاچه ها ریز بود . روغن روی آب مغز به هیچ عنوان ریخته نشده بود. ,6296498
poojzj,10,HAPPY,خیلی تمیز و عالی بود فقط کاش ابگوشت و گوشت و جدا جدا میزاشتین.,4169551
poojzj,10,HAPPY,همه چی خوب بود،منتها واسه سه پرس غذا نون خیلی کم بود,4407079
poojzj,6,HAPPY,"قیمت تا حدودی بالاس
ولی کلااا خووب بوود",7781535
poojzj,10,HAPPY,خوب! سنگک کامل و تازه، کله پاچه داغ و خوشمزه و ظرف جوندار و ضخیم!,2452154
poojzj,10,HAPPY,با تشکر از طباخی گرامی بابت ارسال محصول خوب بهمراه آب و نان فراوان. فقط لطفا کمی نمک آب کله پاچه را کمتر نمایید و اگر امکان دارد به سیراب شیردان، جگر سفید که مملو از ویتامین هست اضافه فرمایید. و نیز تشکر از پیک و اسنپ فود.,6315134
poojzj,10,HAPPY,"خیلی خوب بود! هم مقدار هم طمع هم ارسال. 
",1472157
poojzj,8,HAPPY,"درود 
لطفا نان را مچاله نفرستید 
ممنون ",4494324
poojzj,0,HAPPY,عااااااااااااااااااااااااااااااالی,5710574
poojzj,10,HAPPY,عالی وگرم,5128284
poojzj,8,HAPPY,من دو تا پاچه سفارش دادم ولی یکی فرستاده شده,3596083
poojzj,10,HAPPY,همه چیز عالی یکم فاصله ثبت سفارش تا ارسال زیاده فقط و اینکه نون و لیمو خیلی کم بود.برای دو پرس غذا کافی بود نه سه پرس. خداروشکر ما لیمو ترش و سنگک تو خونه داشتیم و لذت غذا رو بردیم,908105
poojzj,2,SAD,در توضیحات نوشته شده بود که در دو پرس آورده شود ولی کل سفارش در یک ظرف بود...لیمو یا نارنج هم نداشت...,1299925
poojzj,6,HAPPY,من طعمش رو نسبت به طباخی های معروف، نپسندیدم. از طرفی به نظرم تازه نبود. متشکر ,165718
poojzj,6,HAPPY,معمولی بود ,5474513
poojzj,2,SAD,"با سلام
بنده شش عدد پاچه سفارش دادم که بقدری بسته بندی نامناسب بود که نمی‌توانستم بفهمم چند تا است.
در ضمن نوشابه ارسال نشده
پاچه ها چند تا نپخته بود.
بسته بندی نان مناسب و کیفیت پایین
واقعا جای تأسف داره
هیچ نظارتی نیست",4789403
poojzj,10,HAPPY,"سلام
وقت بخیر
من سه تا معجون خریدم.
کیفیت خوب بود.تایم تحویل خوب بود.",8501022
poojzj,6,HAPPY,"اب گوشت اصلا خوب نبود
زبانها یکیش خیلی کوچک بود
دارچین و ادویه نداشت",1976428
poojzj,10,HAPPY,خوب و عالی تحویل بموقع,9493784
poojzj,10,HAPPY,باکیفیت بسیار بالا و با مقدار کاملا درست بود و به موقع و گرم به دستم رسید.,8051470
poojzj,10,HAPPY,عالی,1436033
poojzj,8,HAPPY,این طباخی نزدیکمونه گاهیم حضوری میرم اکثرا مغز و گوشت لخم میخورم که همیشه تازه بوده فقط یه ایراد داره که اینجا هم چنفر قید کردن خیلی خیلی آب کله پاچه رو رقیق میکنن..شاید بخاطر اینکه تقاصاشو جواب بدن ولی از کیفیت کم میکنه,4384887
poojzj,2,SAD,اصلا تا به حال هرسفارشی داده بودم کله پاچه و سیرابی  از هر رستورانی  هیچ . فقط پولمو دور ریختم . ,1296365
poojzj,8,HAPPY,کمی نمکش زیادی بود . بهرحال سپاسگزارم,4434730
poojzj,10,HAPPY,عالی .دقیقا همون چیزی که سفارش داده  بودم,3421278
poojzj,8,HAPPY,بد نبود زبان کمی بو میداد که دارچین اضافه کردیم بهترشد ,7817161
poojzj,6,HAPPY,من دوتا سیراب شیردون سفارش دادم ولی خیلی کم بود برای یه نفر کافی بود,1790278
poojzj,2,SAD,"مقدار گوشت کمتر از معمول بود برای 2 تا لخم آب هم 3 تا گرفته بودم برای مغز و زبان همه جا مقداری اب در نظر میگرفتن آب اضافه رو در ظرفی جدا میدادن  که ندادن
",3538266
poojzj,8,HAPPY,سلام همه چیز عالی بود دستتون درد نکنه ,8883972
poojzj,4,SAD,"بنده دو تا سفارش داشتم که حجم یکیش دقیقا نصف اونکی بود
در ضمن اب لیمو و دارچین هم نداشت. امیدوار سفارش بعدی بیشتر دقت بفرمایید",5059388
poojzj,4,SAD,مقدار خیلی کم گوشت و مقدار زیاد اب داشت,1777570
poojzj,8,HAPPY,پاچه پر از رگ و تکه های سیاه بود که تا حالا ندیده بودم، بقیه خوب بودن,4492864
poojzj,8,HAPPY,خیلی خوب بود ولی ظرف برای یک‌دست باید بزرگتر باشه که ۴ نفر بتونن کامل از آب کله پاچه استفاده کنند,1711669
poojzj,4,SAD,حجمش کم بود ، فکر کنم به جای سه مورد از سفارشم دو مورد ارسال شده بود,520211
poojzj,10,HAPPY,واااای نمیدونم چجوری ازتون. تعریف کنم.محبت کردید,1478623
poojzj,8,HAPPY,خوب بود ولی کمی میتونس مزش بهتر باشه,4558010
poojzj,2,SAD,بوي زخم ميداد,266636
poojzj,10,HAPPY,خوشمزه بود و نونش تازه بود مرسی,7865475
poojzj,10,HAPPY,حجمش عالی بود ، هر چی میخوری تموم نمیشه ، خوشمزه هم بود خداوکیلی ، من اولین بار بود سفارش میدادم از این به بعد هم مهمون داشته باشم سفارش میدم آبرو داری کردید ممنون,321527
poojzj,4,SAD,دو پرس سیرابی تو ی بسته بندی گذاشته بودن,534204
poojzj,8,HAPPY,اون طوری که توضیح داده بود برای هر سفارش نارنج هست نبود و همه ۴سفارش در یه ظرف و اب گوشت با وجودی که گفته بودم کم بود و هزینه اون یه ظرف رو جدا ۵هزار تومان محاسبه کردن ,1828710
poojzj,2,SAD,بد نبود گوشتش کم بود به نسبت قیمتش,994731
poojzj,10,HAPPY,"عالی
قیمت مناسب کیفیت عالی
فقط یه کم پاچه سیاه بود هیچ مشکل دیگه نداشت فوق العاده هم خوشمزه بود",6900826
poojzj,2,SAD,بسیار مزه بدی داشت این غذا به حدی که قابل خوردن نبود، بنده اصلا راضی نبودم,5639383
poojzj,8,HAPPY,خیلی شور بود ! باید نمک کمتری داشته باشه . کله پاچه خوب بود . اما سیرابی مزه ی خوبی نمیداد ، در واقع مزه ی سیرابی نمیداد ! از بس ادویه داشت . ,5514010
poojzj,4,SAD,سیراب شیردان نپخته بود و اصلاً نمیشد خوردش، انگار دندون آدم داره سیرابی خام رو می‌جوئه,164373
poojzj,8,HAPPY,پاچه ها ریز بود   اگر کمی دارچین و زردچوبه اضافه می کردید خوشمزه تر می شد,7871062
poojzj,8,HAPPY,کیفیتتون اومده پایین,4886322
poojzj,10,HAPPY,میزان نان بسته بندی آبگوشتش طعم و پخت و حتی رفتار پیک عالی بود ممنون ,7811978
poojzj,10,HAPPY,من تاکید کرده بودم عجله دارم که دستشون درد نکنه زود فرستادن اما متاسفانه آبمغز یه قاشق آب و یه قاشق به مغز به همراه دو لیوان آب بود فک کنم ، بی مزه و رقیق,1165049
poojzj,2,SAD,همه مغز خرد شده بود و اصلا مشخص نبود تو آبگوشت,3719036
poojzj,4,SAD,سیراب بدون جگر و شیردان اندازه اش هم خیلی کم بود، تاخیر زیاد,965547
poojzj,8,HAPPY,خوب بود ، آب باید بیشتر میریخت ، و اینکه یکم دارچین و اینا میزد آبش خوشمزه تر میشد ,4050892
poojzj,10,HAPPY,خوشمزه و بسیار تمیز,1025463
poojzj,10,HAPPY,مثل همیشه عالی,6058858
poojzj,10,HAPPY,ممنون از مدیریت رستوران که همیشه طبق درخواست مشتری عمل میکنند,9976596
poojzj,10,HAPPY,عالی و بی‌مشکل...گرم و کم چرب بود ..دقیقا سر تایمی که زده بودم اومد..دمتون گرم,5841752
poojzj,10,HAPPY,عالی بود ممنون,4330628
poojzj,8,HAPPY,ارسال با تاخیر و میزان اب بسیارذکم بود,1714353
poojzj,10,HAPPY,درکل طعمش خوبه فقط بیخ گوش سفارش داده بودم ک نذاشته بودن.,8554384
poojzj,8,HAPPY,مقدار گوشت خیلی خیلی کم بود. تقریبا نصف چیزی که تو تصویر دیده میشه.,831462
poojzj,2,SAD,"کیفیت غذا پایین بود.
پیک از اینکه مجبور شد برای تحویل غذا بیاد درب واحد نارحت شد.",183914
poojzj,10,HAPPY,تمیز..گرم..در یک کلام عالی,1571999
poojzj,6,HAPPY,قیمت نسبت به اندازه بالاست ,4979351
poojzj,2,SAD,من سفارش ابگوشت با مغز داشتم يادشون رفته بود بزارن ,933572
poojzj,6,HAPPY,نان سنگک مانده از دیشب فرستادید، این یعنی عدم شناخت شما از شرط اولیه یک سفارش، متاسفم بابت سفارشم از طباخی شما,1710113
poojzj,10,HAPPY,تمیز و خوب راضی بودم,5700758
poojzj,8,HAPPY,بسیار تمیز بود اما، طعم آب میداد، فکر میکنم آب بسیار زیادی داخلش ریخته بودن و تقریبا طعم خاصی نمی‌داد اما فوق العاده تمیز بود.,155036
poojzj,2,SAD,سلام. افتضاح بود،متاسفانه آب‌زیاد ریخته‌بودن...پاچه‌ها همه سوخته بودن، و نکته مهم اینکه آب اصلا چربی نداشت...در کل راضی نبودم اولین باروآخرین بارم بود از ساعی سفارش دادم.,942065
poojzj,10,HAPPY,عالی بود هم از نظر کیفیت هم از نظر مدت زمان ارسال غذا,3824560
poojzj,8,HAPPY,خوشمزه بود تشکر و به توضیحاتی ک داده بودم اهمیت داده بودن,3363014
poojzj,2,SAD,والا بناگوشش که خیلی کوچک بود و ابگوشتش هیچ مزه ای نداشت تقریبا انگار اب خالی بود ,4014925
poojzj,8,HAPPY,خوب بود,4731015
poojzj,8,HAPPY,"غذا و نحوه بسته بندی خوب بود.
دو تا سفارش برای دو تا آدرس مختلف داشتم که متاسفانه یکی اش یک ساعت و ده دقیقه زمان برای تحویل نیاز داشت. که نهایتا با برخورد مناسب و خوب مدیریت طباخی  رفع مشکل شد.",766078
poojzj,10,HAPPY,بابت تحویل داغ و طبخ خوب غذا ممنونم. اگر چربی روی آبگوشت و نمک و دارچین اضافه هم به منو اضافه کنید، عالی میشه.,3689434
poojzj,2,SAD,أب مغز. بجاش آب سیرابی بود اصلا خوشم نیومد به مدیر رستوران تلفنی گفتم,3323303
poojzj,6,HAPPY,سفارش به موقع به دستم رسيد بسته بندي بهداشتي و داغ بود اما حجم سيرابي اصلا يك پرس نيست نيم پرس است طعم سيرابي از لحاظ ادويه و نمك كم مزه بود مقدار ترشي مخلوط خيليييي كم بود اين ظرف سرو ترشي نيست در ظرف جا سسي  كمتر از پنجاه گرم ترشي ريخته شده بود ,1970947
poojzj,10,HAPPY,خوب و خوشمزه بود فقط حجمش کم بود ,3562985
poojzj,10,HAPPY,مثل همیشه عالی,7624701
poojzj,10,HAPPY,سریع رسید ,9849482
poojzj,10,HAPPY,عالی بود.,5127165
poojzj,2,SAD,با اینکه من نزدیک بودم یک ساعت طول کشید تا اومد اونم یخ کرده از دهن افتاده .اصلا راضی نبودم,9899110
poojzj,6,HAPPY,تغییر هزینه پیک در هنگام پرداخت ,11023891
poojzj,10,HAPPY,مثل همیشه عالی,4108797
poojzj,10,HAPPY,"برای چندمین بار سفارش میدم و همیشه خوب بوده
",3612070
poojzj,10,HAPPY,کله پاچه خوبی بود ولی نانی که همراه پرس غذا باید ارسال می شد نشده بود فقط نان اضافه که درخواست کرده بودیم ارسال شد و به جای نان سنگک نان بربری ارسال شده بود,8051470
poojzj,10,HAPPY,"آبگوشت با مغز بخرید کافیه 
دیگه نیاز به آبگوشت نیست 
اضافه می یاد",3483477
poojzj,4,SAD,طعم خاصی نداشت. همش آب بود,4039005
poojzj,10,HAPPY,بره بود و عالی ، کمی حجمش کم بود ولی لذیذ بود . ممنون,2490682
poojzj,10,HAPPY,عالی. بدون زردچوبه و دارچین.طعم واقعی کله پاچه,5475160
poojzj,8,HAPPY,من سفارش یه جفت چشم داشتم ارسال نشده لطفا پیگیری بفرمایید و مبلغ رو به کیف پول اضافه کنید ممنونم ,4585132
poojzj,8,HAPPY,با تاخیر خیلی زیاد رسید، حدود ۲ ساعت منتظر بودیم. ولی خود کله پاچه خوب بود,221930
poojzj,2,SAD,"حجم غذا خیلییییییی  کم بود.
کیفیت و طعم اصلا مطلوب نبود.
",1362891
poojzj,10,HAPPY,بسیار عالی تمیز و خوشمزه بود,3494021
poojzj,10,HAPPY,همه چیز عالی بود فقط نان سنگگ گرم و تازه نبود,1139541
poojzj,8,HAPPY,واسه ارسال و ظرف پول گرفتن کلا 2دقیقه فاصلشونه با ما,3324208
poojzj,10,HAPPY,"با درود
بسیارعالی و خوشمزه بود
تنها ایرادی که می‌تونم بگیرم اینه که لیمو همراهش نبود :)
سپاس",306361
poojzj,4,SAD,حجم آبگوشت و سیرابی که دفه قبل سفارش دادم نسبت به این مرتبه بسیار بیشتر بود آبگوشت تقریبا نصف ظرف پر شده بود که دفعه قبل تمام ظرف بود سیرابی هم به همین میزان کم شده بود و از دفعه قبل ناراضی تر هستم دستتون درد نکنه,3008035
poojzj,10,HAPPY,"همه چی خوب بود
کافی و به موقع 
ممنون",845571
poojzj,8,HAPPY,مثل همیشه عالی بود,6058858
poojzj,10,HAPPY,بسته بندی عالی و گرم رسید,3536634
poojzj,10,HAPPY,حجم و کیفیت خوبی داشت,536548
poojzj,2,SAD,اندازه غذا مناسب بود اما هم نان بیات شده بود و هم غذا بوی نامطبوعی داشت. ,1419929
poojzj,10,HAPPY,عالی، بسیار خوش مزه و بهداشتی,3847533
poojzj,8,HAPPY,"همه چیز خوب بود ولی خیلی دیر رسید ربطی ام به پیک نداشت اصلا یادتون رفته بود از زمان تحویل به پیک ۵ دقیقه هم طول نکشید برسه 
من فقط یکبار دیگه سفارش میدم اونم به خاطر کیفیت خوبتون ولی اگه دیر برسه دیگه حضوری ام اونجا نمیام 
حیفه با این کیفیت خوب ",7974339
poojzj,6,HAPPY,کیفیتش عالی نبود معمولی بود,1515997
poojzj,2,SAD,غذا بسیار بد بی مزه و کم حجم بود واقعا غذای بدی بود اگه میشد عکس بزارم میزاشتم تا ببینید دویست هزارتومن به چی دادیم,8735440
poojzj,10,HAPPY,"کیفیتش خوب بود. زود و گرم به دستمون رسید البته ما خیلی نزدیکیم به مغازه
در کل از غذا راضی بودیم.درمورد قیمت هم نظری ندارم",7207650
poojzj,6,HAPPY,نسبت به قبل كيفيت پايينتري داشت ,7408176
poojzj,2,SAD,"اصلا خوب نبود کیفیت غذا خیلی پایین بود 
",5044966
poojzj,4,SAD,"سلام
 از بابت اب غذا خیلی بیمزه بود 
گوشت اون هم اشفته بود 
تاخیرش هم خیلی زیاد بود ",7963139
poojzj,2,SAD,افتضاح بود.فقط میتونم بگم متاسفم.۳پرس  غذا سفارش دادم اندازه یک پرس هم نبود.جلوی مهمون آبروی من رو بردن.فقط میتونم بگم متاسفم,4817726
poojzj,10,HAPPY,بسیار خوب و مشتری مدار هستند,7958573
poojzj,2,SAD,"گوشتش خیلی بو میداد
و اینکه من ۲ تا نون اضافه هم سفارش دادم بعلاوه اینکه زده بودن روی سرویس هم نون داره ولی کلا اندازه یه نون سنگک هم نون نفرستادن 
و اینکه دوتا چشم سفارش دادم ولی همون یک جفت فقط بود 
درکل بد بود دیگه سفارش نمیدم",5462147
poojzj,8,HAPPY,خوب و تمیز بود راضی ام,5700758
poojzj,10,HAPPY,به موقع اومد و خوب بود,6537821
poojzj,10,HAPPY,عالی,10178411
poojzj,4,SAD,غذا فوق العاده سرد بود و نان سنگک هم بسیار بیات بود ,7888070
poojzj,2,SAD,ابگوشت خیلی ابکی و رقیق بود و حجم گوشت لخم نسبت به قیمت خیلی کم بود ,4472006
poojzj,2,SAD,غذا سرد سرد بود . نسبت به سفارش قبلی خیلی کم شده بود ,2941564
poojzj,10,HAPPY,"همه چی با کیفیت، تمیز و تازه بود، نان سنگک تازه و کافی بود.
دمتون گرم 
خدابرکت",6466313
poojzj,2,SAD,معجونش پر اب بود در واقع آب کله پاچه بود که توش یه ذره مغز و ...نمیدونم اصلا چیزی بود یا نه!!! بناگوشم که فقط پوست خالی بود!!!,5065586
poojzj,4,SAD,بسیار گرون و بو میداد,11239375
poojzj,8,HAPPY,سیراب جای پختن بیشتری داشت,197362
poojzj,10,HAPPY,عالی طعم و بسته بندی فقط خیلی دیر بدستمون میرسه,3741563
poojzj,2,SAD,با این که نوشته شده بود هر محصول همراه با نان سنگک هست من نان اضافی هم سفارش دادم اما نان تحویل داده نشد مجموعا ۳تا نان سنگک برش خورده اندازه کف دست برای این حجم از سفارش فرستادن حداقل نان اضافی که نوشته بودید نصف سنگک هست رو میفرستادید . دیگه سفارش نمیدم,8542062
poojzj,10,HAPPY,ممنون از شما.مثل دو سری قبل با کیفیت و عالی سپاس از غدای عالیتون.,4886322
poojzj,4,SAD,آیتم زبان و بناگوش کامل رو سفارش داده بودم، اما ظاهرا در بسته بندی غذا زبان نبود! اول فکر کردم گوشتش ریش ریش شده باشه ولی اینطور نبود.,7941433
poojzj,8,HAPPY,طعمش خوب بود ، سر وقت و گرم تحویل شد ، ولی حجم ش نسبت به قیمت کم هست و از طرفی بجای آب نارنج شرکتی میشد نارنج طبیعی بگذارند .,10749043
poojzj,10,HAPPY,بسیار خوب,7028772
poojzj,10,HAPPY,"بسیار عالی . غذا هم به موقع رسید. به نکات درخواستی حین سفارش هم به دقت توجه کرده بودند .
درکل تجربه خیلب خوبی بود",8033083
poojzj,10,HAPPY,خیلییی عالی و خوشمزه بود ممنوونم,9918456
poojzj,10,HAPPY,"عاااالی و لذیذ!!! زود هم رسید!
ایرادی نداشت .",967890
poojzj,2,SAD,غدا شدت بد بود ، با بیش از نیم ساعت تاخیر به دستم رسید ، بوی نامطببوعی داشت هیچ ادویه ای هم نداشت ، ظاهر مناسبی هم نداشت ، واقا تجربه ی بدی بود,3083000
poojzj,10,HAPPY,خوشمزه بود دستتون درد نکنه. خیلی بهداشتی و خوب بود. ولی ۳۵ دقیقه زمان برد تا برسه به دستمون. ولی در کل خیلی عالی بود تمیزی  اش به هر چی بگید می ارزید,7470435
poojzj,10,HAPPY,جا داشت امتیاز بیشتری هم  می دادم . به آقای ِ  پیک . به همکار اسنپ  که تماس گرفت. و  رستوران ,127793
poojzj,10,HAPPY,همه چی عالی بود وگرم رسیددستم تشکر,9533288
poojzj,6,HAPPY,غذا شور بود و طعم جالبی نداشت,1511481
poojzj,10,HAPPY,عالی و خوش طعم. ,492477
poojzj,10,HAPPY,با سلام و خدا قوت به کادر طباخی ساعی.مثل همیشه عالی.ممنونم,11677517
poojzj,10,HAPPY,بسیار عالی و خوشمزه,3811381
poojzj,10,HAPPY,خیلی خوب بود ممنون,8663533
poojzj,10,HAPPY,عالی بود، ممنونم,11405756
poojzj,10,HAPPY,راننده عالی مقصدم عوض شد ولی اعتراضی نداشتن طعم غذااااا بی نظیر,12853039
poojzj,10,HAPPY,مثله همیشه عالی و تازه.مرسی که به توضیحات عمل کردین.مشتری همیشگیتونم,771570
poojzj,10,HAPPY,خیل خوب بود و سریع رسید ,5190566
poojzj,6,HAPPY,گوشت لخم یک تیکه بود درصورتی که نوشته بودین دو تیکه و نان هم کم گذاشته بودین حداقل برای ۱۲۶ هزار تومن سفارش باید ۳ تا نون سنگک میزاشتین.اینجور برکتتون هم از بین میره.ولی کیفیت پخت خوب بود و پیک خیلی عالی بود و زود رسید و اورد درب واحد.و پشتیبانی رستوران هم خوب بود,5030213
poojzj,6,HAPPY,آقا سنگکشون تموم شده بود ظاهرا ببری عوضش تحویل گرفتیم,6875704
poojzj,2,SAD,متاسفانه بشدت پشیمون شدم از سفارش بلافاصله بعد ثبت سفارش از رستوران زنگ زدن ک اگه بخواهید جدا جدابراتون بفرستیم عر قلم از موارد سفارش رو باید بابت هر یه قلم ۵۰۰۰تومن هزینه جدا برای بسته بندی پرداخت کنید درحالیکه یه ۵۰۰۰تومن بابت هزینه بسته بندی داده بودم و بهرحال سفارشاتو جدا جدا ثبت کرده بودم و یه دست کامل که نبود غذا هم کاملا سرد بود و آب گوشت کاملا بی مزه بود و قشنگ بهش اب بسته بودن کاملا اب خالی و سردحجم غذا هم به نسبت قیمت خیلی کم بود و بجای لیموی تازه دوتا ابلیموی صنعتی کوچیک فرستادن کلا پولتونو هدر ندین با سفارش ازین رستوران...واقعا جای تاسف داره,7034372
poojzj,10,HAPPY,عالی بود ممنون,9953938
poojzj,8,HAPPY,خوب بود ولی حیف شد که شماره تماس نداشت میخواستم با خود طباخی صحبت کنم,2065456
poojzj,10,HAPPY,خیلی عالی بود ممنونم,4393623
poojzj,10,HAPPY,خیلی عالی بود ممنونم,4078727
poojzj,10,HAPPY,"بسته بندی عالی 
طعم عالی
دقیقا به سفارش و‌درخواست مشتری توجه کردند",1619444
poojzj,10,HAPPY,بسیار عالی و خوشمزه بود، ممنونم,2478823
poojzj,10,HAPPY,خیلی عالی بود,322436
poojzj,2,SAD,یک هم زیاده بهشون.دو پرس سیرابی و ۲ پرس شیردان رو ۱ پرس دادن نوشابه هم نفرستادن.۱۷ هزارتومان هم برای مسافت ناچیز پیک گرفتن.اصلا توصیه نمی کنم این طباخی رو.جفت پوچ,9366584
poojzj,10,HAPPY,عالی بود مرسی ,12101335
poojzj,10,HAPPY,خوب بود ,3395742
poojzj,10,HAPPY,عالی,6335262
poojzj,10,HAPPY,همه چی عالی,3483648
poojzj,10,HAPPY,خوب بود ممنون ,4258429
poojzj,10,HAPPY,عالی,7505866
poojzj,10,HAPPY,عالی بود,7505866
poojzj,10,HAPPY,عااااالی,10409108
poojzj,8,HAPPY,رازی هستم ,13102926
poojzj,10,HAPPY,خوب و خوشمزه بود,7882024
poojzj,10,HAPPY,خیلی خوب بود ،گرم بود ،بو‌ی بد نمیداد،کم هم نبود ،در کل خوب بود ,1312495
poojzj,0,HAPPY,لطفا به دوستانی که حمل می‌کنند، بفرمایید که ممکنه 1 یا 2 دقیقه طول بکشه تا در رو باز کنن. زنگ و روان اهالی منزل رو رو هر 3 ثانیه مورد عنایت قرار ندن!,128136
poojzj,2,SAD,تاخیر در تحویل ۳ ساعت طول کشید,4174154
poojzj,10,HAPPY,مثل همیشه عالی,626887
poojzj,10,HAPPY,عالی، حجم و کیفیت و نحوه ارسال خیلی خیلی خوب بود,149372
poojzj,10,HAPPY,عالی و تازه بود,11699277
poojzj,6,HAPPY,تر و تمیز بود ولی نیاز بود که همه ادویه‌ها رو خودمون اضافه کنیم نمک و فلفل و دارچین، لیمو یا نارنج هم نداشت، نون هم با توجه به حجم سفارش کم بود، مغز جنین گوسفند بود انقدر کوچک بود:))ضمنا هزینه بسته بندی دیگه چیه؟  حدود بیست هزار تومن حمل و بسته بندی؟؟؟ واسه دو تا ظرف پلاستیکی؟,1025268
poojzj,10,HAPPY,عالی بود ممنون,844251
poojzj,10,HAPPY,حجم و کیفیت عالی. ,2074872
poojzj,2,SAD,خوشمزه نبود اصلا ,1062633
poojzj,10,HAPPY,دستتون درد نکنه واقعا خوشمزه بود و بسته بندی عالی بود .پیک هم خیلی مودب بود .,9120925
poojzj,4,SAD,"گوشت و زبان خوب بود اما ...
 سیرابی کم و بی مزه تازه نصف سیرابی را ریخته بود تو بسته بندی. تاخیر هم که زیاد داشت
",1377967
poojzj,10,HAPPY,عالي بود,8820666
poojzj,6,HAPPY,آبگوشت زیادی بی میزه و آبکی بود,7150624
poojzj,10,HAPPY,"خوب بود و گرم و نون تازه
زودتر از زمان اعلام شده رسید",4083055
poojzj,4,SAD,نسبتاً مقدارش کم بود. پاچه ها کوچک و مغز و گوشت و بقیه هم بسیار کوچک و کم بود. بسته بندی هم جالب نبود. ,202126
poojzj,6,HAPPY,آبگوشت بسیار شور بود و دارچین زیاد استفاده شده بود پیک هم با تاخیر زیاد رسید در کل پیشنهاد نمیکنم,3324208
poojzj,10,HAPPY,خیلی خوش طعم و خوش بو، بود.,149490
poojzj,6,HAPPY,یک دست از کله پاچه کامل که سفارش داده‌بود فاقد مغز بود.,6249912
poojzj,2,SAD,نیم ساعت تاخیر داشتن،پاچه و بناگوش رو داخل آبگوشت رقیق ریخته بودن. از نارنج هم خبری نبود.,6130133
poojzj,10,HAPPY,مزه واقعا عالیه . فقط نون و کم میذارید واینکه وقتی ۶تومن هزینه ارساله دیگ چرا ۴تومن هزینه بسته بندی میگیرید ,8554384
poojzj,10,HAPPY,ممنون خوب وخوشمزه بود,9395053
poojzj,2,SAD,من همیشه از این طباخی کله پاچه می گرفتم ، ولی دفعه آخر دو جفت چشم نفرستاده بود و مغز هم کامل نبود و کیفیتش هم افتضاح شده بود . من که دیگه از اینجا کله پاچه نمی گیرم .,7602433
poojzj,6,HAPPY,سلام، کیفیت غذای امروز مثل همیشه نبود و همینطور احساس کردم چشم تو سفارش نذاشتین چون حجمش با توجه به سفارشم خیلی کم بود,2036254
poojzj,8,HAPPY,"کیفیت غذا خوب بود
پیک داخل کوچه هم تشریف نیاوردند، سرکوچه تحویل دادند.
درخواستی که در توضیحات اعلام گردیده بود متأسفانه کارسازی نگردیده بود.",5056596
poojzj,10,HAPPY,طعمش خوب بود ولی زبان  ها کوچیک بود ممنون,7711323
poojzj,10,HAPPY,همه چیزش عالی بود دمتون گرن ,8517172
poojzj,10,HAPPY,"همه چی خوب و مرتب بود
",5740027
poojzj,8,HAPPY,خيلي خوب بود به نظرم قيمتش هم مناسبه,1267273
poojzj,6,HAPPY,"سلام
به موقع رسید
اما زبان خیلی کوچک بود",5472666
poojzj,10,HAPPY,عالی و بسیار تمیز,8556913
poojzj,10,HAPPY,"بسیار خوشمزه. زود هم به دستمون رسید.
ممنون",1142877
poojzj,8,HAPPY,,6241631
poojzj,6,HAPPY,,7253779
poojzj,2,SAD,کله کامل شامل ۲ عدد چشم ۲ عدد بناگوش ۱ زبان ۲ عدد بیخ گوش و گوشت لخم و صورت و یک مغز می باشد کله ارسال شده واسه ما شامل یک چشم یک زبان گوشت صورت و یک مغز بود و معجون هم اصلا نفرستاده بودن و نان سنگگ ن,428701
poojzj,2,SAD,,7953294
poojzj,2,SAD,,6281472
poojzj,8,HAPPY,کیفیت غذا و برخورد پیک عالی. بسته بندی زیاد خوب نبود. باتشکر.,10512110
poojzj,2,SAD,,11594295
poojzj,2,SAD,,6714504
poojzj,2,SAD,,4425603
0nn6l6,10,HAPPY,عالی بود هم کروسان، هم سیمیت,1173253
0nn6l6,2,SAD,"متاسفانه با وجود اینکه قهوه بسیار گران شده با این حال قهوه لاته درواقع شیر گرم بود و چند قطره ای داخلش قهوه داشت.
جالبه رنگش هم تقریبا سفید بود. واقعا دستتون درد نکنه قیمت هم 47 تومن!!!!!!!!
ضمن اینکه زمان تحویل هم قهوه کامل ولرم شده بود",3371668
0nn6l6,10,HAPPY,وافل عالی بود خیلی دوست,5466466
0nn6l6,2,SAD,عدم بسته بندی مناسب و ریخته شدن نصف لیوان,6554975
0nn6l6,4,SAD,طعمش اصلا جالب نبود.,3806037
0nn6l6,8,HAPPY,وافل اقریبا سوخته بود,229506
0nn6l6,2,SAD,خیلیییی بد بود، واقعا شاید کافی میت آلتونزا ریخته بودن تو لیوان نه خبری از قهوه بود و نه شیر و نه کارامل. واقعا خجالت آوره,889086
0nn6l6,6,HAPPY,من شیک نوتلا سفارش دادم ، ولی مزه شکلات فرهمند میداد نه نوتلا,3698711
0nn6l6,4,SAD,هات چاکلتشون خیلی بد مزه بود این بار سومیه که اینطور بود من همیشه از اونجا سفارش میدادم ولی اینبار سوم بود که خیلی بو طمع بود اصلا خوشم نیومد,1033203
0nn6l6,2,SAD,اصلا نوتلا نبود گرفتن فرهمند ریختن توش,14020516
0nn6l6,10,HAPPY,واقعا عااالی,1435239
0nn6l6,10,HAPPY,بهترین وافلی که میتونید بخورید,2049570
0nn6l6,10,HAPPY,عالی بود,3460855
0nn6l6,10,HAPPY,عالی بود ممنون,6378912
0nn6l6,2,SAD,تخم مرغ بوی زهم میداد,1056906
0nn6l6,6,HAPPY,به نظرم وقتی که کروسان ها و مواد داخلشان تازه هستند، تو منو بیاریدشون. و اینکه با وجود اینکه من گفته بودم سوخته نباشه سر و ته کروسان سوخته و به همین دلیل خشک بود و نمیشد خوردش. قبلا یکی دو دفعه گرفتم و راضی بودم ولی اخیرا نه.,5677057
0nn6l6,10,HAPPY,خیلی خوشمزه بود و خیلی زود رسید و قشنگ داغ بود ممنون,7688753
0nn6l6,10,HAPPY,عالی,11364569
0nn6l6,10,HAPPY,عالي,4430892
0nn6l6,10,HAPPY,خیلی خوشمزه و تازه بود,3698711
0nn6l6,10,HAPPY,همیشه همه چیز عالی,1101353
0nn6l6,6,HAPPY,همیشه لیوانها نشتی داره و از زیر لیوان چکه میکنه,6990179
0nn6l6,10,HAPPY,بهترین کافه لاته رو سرو می کنن,2787907
0nn6l6,10,HAPPY,عالى بود,11346494
0nn6l6,10,HAPPY,عالی بود ممنون,3775212
0nn6l6,10,HAPPY,مثل همیشه عالی ,2787907
0nn6l6,10,HAPPY,یه خوبی کافه ویونا اینه که همیشه سفارشها را سریع میفرسته و ادم را معطل نمی کنه .کیفیت محصولات هم خوبه .من راضی ام .,4698367
0nn6l6,8,HAPPY,براونی خوب نبود . ساندویچ کوکو سبزی عالی بود,11686736
0nn6l6,8,HAPPY,طعم ها معمولی بود .,11686736
0nn6l6,10,HAPPY,همیشه با کیفیت,3060709
0nn6l6,10,HAPPY,واقعا خوشمزه و عالیه,3698711
0nn6l6,10,HAPPY,قهوه عالی و کیک تازه و بی نظیر,890634
0nn6l6,8,HAPPY,خوب بود,5390643
0nn6l6,10,HAPPY,ممنون كه به توضيحات توجه ميكنيد,272490
0nn6l6,10,HAPPY,به موقع رسید،ممنون,4456025
0nn6l6,8,HAPPY,چيز كيكي كه سفارش دادم، خيلي معمولي بود!,1190249
0nn6l6,10,HAPPY,خیلی عالی ,11364569
0nn6l6,10,HAPPY,عالی,6495691
0nn6l6,10,HAPPY,عالی,5007120
0nn6l6,10,HAPPY,بسیار عالی.,11887605
0nn6l6,8,HAPPY,این دفعه قهوه به داغی دفعات قبل نبود,1101353
0nn6l6,8,HAPPY,طعم همه چی مثل همیشه عالی بود فقط کاش به صورت پیش فرض همراه سفارش چای نفرستید مخصوصا وقتی نوشیدنی گرم تو سفارش هست,1175523
0nn6l6,10,HAPPY,عالی,6495691
0nn6l6,10,HAPPY,عالی,3875928
0nn6l6,8,HAPPY,قهوه عالی بود مثل همیشه ولی برای اولین بار اسنک سفارش دادم و ژامبونش کیفیت خوبی نداشت انتظارم از کافه ویونا بیشتر بود,8762108
0nn6l6,10,HAPPY,بهترین کیک‌ هویج که سالهاست کیفیتش رو حفظ کردن و خیلی قیمت مناسب,251317
0nn6l6,10,HAPPY,سفارشا‌ها همگی کیفیت مناسبی داشتند,11887605
0nn6l6,10,HAPPY,عالی,3732295
0nn6l6,10,HAPPY,عالی,6495691
0nn6l6,10,HAPPY,عالی,2049570
0nn6l6,2,SAD,بدمزه ترین ایس کارامل ماکیاتو ,12422047
0nn6l6,10,HAPPY,مثل همیشه بسیارعالی,6495691
0nn6l6,8,HAPPY,نمیدونم چرا به تخم مرغ دارچین زدن و تو منو گفته نشده بود ولی کافه عالی بود,3336669
0nn6l6,10,HAPPY,عالی,825225
0nn6l6,10,HAPPY,"خوب
سالم به دستم رسيد",7504907
0nn6l6,10,HAPPY,این شعبه ویونا حرف نداره ,3673055
0nn6l6,10,HAPPY,عالی,4201785
0nn6l6,10,HAPPY,بی نظیر بود,4614567
0nn6l6,10,HAPPY,"طعم و کیفیت هر سه قلم سفارش عالی بود 
خیلی ممنون",167725
0nn6l6,10,HAPPY,عالی,7026155
0nn6l6,10,HAPPY,همه چیز عالی بود ممنون از چای گرم و دلنشینتون,7703448
0nn6l6,10,HAPPY,عالی و به توضیحات توجه شده بود,3047754
0nn6l6,10,HAPPY,عالی,3557870
0nn6l6,10,HAPPY,عالی بود,7416400
0nn6l6,10,HAPPY,كاپوچينو و ماكياتو سفارش دادم خوشمزه بود بسته بنديشم خوب بود,8872855
0nn6l6,10,HAPPY,عالی,10395505
0nn6l6,10,HAPPY,خوب بود ,9257590
0nn6l6,10,HAPPY,کیفیت عالی ولی کیکها در مسیر تکان خورده بود و خراب شده بود هر دو بار هم خراب تحویل شد ولی چون برای مصرف شخصی بود و مهمانی نبود چشم پوشی کردیم,3276268
0nn6l6,2,SAD,لاته‌خیلییییی بد بود، انگار فقط شیر گرم شده بود,3513424
0nn6l6,8,HAPPY,خوب بود ، امیدوارم کیفیتش بهتر بشه ,1059969
0nn6l6,8,HAPPY,برانی سرد بود,6194111
0nn6l6,10,HAPPY,به موقع و مرتب رسید ممنون,6666022
0nn6l6,8,HAPPY,به طور کلی خوب بود،چای هم کاملا گرم رسید،ولی حجم کروسان در مقایسه با شعبه های دیگه تون که حضوری رفتم ،کمتر بود.,735584
0nn6l6,2,SAD,بسته بندی با چسب های پهن انجام شده بود! با مصیبت نوشیدنی را باز کردیم. نوشیدنی بسیار شیرین بود. ,188031
0nn6l6,6,HAPPY,خیلی معمولی بود,8020070
0nn6l6,2,SAD,بدترین و بی کیفیت ترین و افتضاااح ترین سالادی که میتونین بخورین واقعا بددد,530411
0nn6l6,10,HAPPY,"واقعاا خوشمزه بود و سريع به دستم رسيد و بسته بندي خيلي بهداشتي بود همه چيز رو جوري بسته بودن كه تا حد امكان با بيرون در تماس نباشه 
ولي وافل يكم خمير شده بود كه اينقد خوشمزه بود كه بنظرم مهم نيست",9543621
0nn6l6,0,SAD,کوکتل میکس به من تحویل داده نشد. ,356046
0nn6l6,10,HAPPY,خيلى خوب بود زود تر از موعدم رسيد,9825784
0nn6l6,10,HAPPY,کروسان تخم مرغ عالی بود ,3612018
0nn6l6,10,HAPPY,عاالی بود,11681462
0nn6l6,6,HAPPY,لیوانی که در آن قهوه سرو شده بود نامناسب بود و یک سوم آن از ته لیوان خالی شده بود و در بسته بندی ریخته بود,7983273
0nn6l6,8,HAPPY,همه چی خوب بود ، مخصوصاً  شیک وانیلا براونی ,7687133
0nn6l6,8,HAPPY,خوشمزه بود ,3256788
0nn6l6,10,HAPPY,گرم و تازه و خوشمزه بود واقعا,2171416
0nn6l6,4,SAD,"شیک نوتلا واقعا خوب نبود اصلا انتظار نمیرفت 
اسلایس کیک بشدت کوچک بود ",4258509
0nn6l6,10,HAPPY,خوشمزه و با سرويس مناسب تحويل شد.,1077355
0nn6l6,10,HAPPY,مثل اکثر مواقع چیز کیک هاتون عالی و خیلی تازه...اون طعم ترش و پنیریش هرچی بیشتر بهتر..سرعت دلیوری هم عالی,8053259
0nn6l6,10,HAPPY,"عالی بود واقن
فقط خامه ش آب شده بود که طبیعیه :)",1113315
0nn6l6,10,HAPPY,عالی مثل همیشه,3539006
0nn6l6,10,HAPPY,عالی مثل همیشه و سرعت تحویلتون واقعا بالاست,7814684
0nn6l6,10,HAPPY,عالی کوکتل تازه و خنک و اسنک داغ داغ رسید ممنون,7984572
0nn6l6,10,HAPPY,"بی نظیره مثل همیشهههه
البته ممنون از levele بالاشون که چای هم  روی سفارش خودشون میزارند و این یک حرکته بسییار شیکی هست
آفرین به این مدیریت",3336110
0nn6l6,10,HAPPY,سریع و کاملا سالم رسید خیلیم خوشمزه بود ,677120
0nn6l6,10,HAPPY,خیلی خوشمزه و عالی بود بسته بندی هم خیلی خوب بود مرسی,1034511
0nn6l6,10,HAPPY,مثل همیشه با کیفیت و عالی و ارسال سریع ,2455307
0nn6l6,10,HAPPY,عالی,380805
0nn6l6,10,HAPPY,خیلی خوبید ,380805
0nn6l6,10,HAPPY,عااااالی,8432534
0nn6l6,2,SAD,چیز کیک‌ مونده بود,4236487
0nn6l6,2,SAD,به شدت خشک و بدمزه,247262
0nn6l6,10,HAPPY,عالی,3618701
0nn6l6,10,HAPPY,همه سفارش‌ها تازه و عالی بودن. کلا کیفیت سرویس‌دهی کافه ویونا رو در این مدتی که ازشون سفارش میدم عالی دیدم. بسته‌بندی هم بسیار خوبه.,11887605
0nn6l6,10,HAPPY,عالی ,3674456
0nn6l6,0,HAPPY,عالی بود اما دیروز کاملا گرم بود,3265152
0nn6l6,10,HAPPY,عالی,2731147
0nn6l6,10,HAPPY,عالیمرسی بابت چایی همراش,322732
0nn6l6,10,HAPPY,چایی همراهش سورپرایز خوبی بود و چسبید ,1265549
0nn6l6,10,HAPPY,"خیلی عالی بود
و خیلی سریع و داغ بدستم رسید
ممنون",1123797
0nn6l6,8,HAPPY,همه چیز عالی بود.ممنون از سرعت و دقت در حفظ کیفیت,5033464
0nn6l6,10,HAPPY,مثل همیشه عالی,3618701
0nn6l6,6,HAPPY,بجای کروسان نوتلا کروسان تخم مرغ ارسال شده بود ,1817370
0nn6l6,10,HAPPY,عالی,3725078
0nn6l6,10,HAPPY,همه چی عالی,5806765
0nn6l6,10,HAPPY,همه عالی بودند و زود آمد ممنون,154379
0nn6l6,10,HAPPY,سفارش در حدود نیم ساعت تحویل داده شد و مثل همیشه عالی بود,620888
0nn6l6,10,HAPPY,"عالی
تازه و خوشمزه با بسته بندی خیلی خوب",992877
0nn6l6,10,HAPPY,سلام.دستتون درد نكنه ،عاي بود.هم خيلي زود رسيد و هم باكيفيت.من نگزان اب شدن بستني ها بودم كه خدارو شكر مشكلي نبود,1593837
0nn6l6,10,HAPPY,واقعا عالی و با کیفیت بودن همه قهوه ها، متشکرم.,436181
0nn6l6,10,HAPPY,عالى,1170859
0nn6l6,10,HAPPY,عااالی,8432534
0nn6l6,10,HAPPY,عالی عالی عالی.,735584
0nn6l6,10,HAPPY,مثل همیشه عالیییی,1074267
0nn6l6,10,HAPPY,عالی ... مرسی که به توضیحات توجه میکنید ,3445759
0nn6l6,10,HAPPY,مثل همیشه همه چیز عالی بود,3618701
0nn6l6,10,HAPPY,هرروز دارم میگرم,4074014
0nn6l6,10,HAPPY,یکی از خوبی های کافه ویونا اینه که همبشه سفارش را سریع می رسونه .,4698367
0nn6l6,0,HAPPY,عالی ,8540885
0nn6l6,10,HAPPY,"هردو عالی و با کیفیت
ممنون",3369130
0nn6l6,10,HAPPY,عالی,8529726
0nn6l6,10,HAPPY,عالی,3445759
0nn6l6,10,HAPPY,"مرسی از همکاران عزیزتون واقعا حرف نداشت 
",1917860
0nn6l6,10,HAPPY,خوشمزه بود,7123700
0nn6l6,10,HAPPY,عالي واقعا,3378332
0nn6l6,0,HAPPY,عالی,349642
0nn6l6,10,HAPPY,عالي وسريع دمتون گرم خسته نباشيد,3378332
0nn6l6,10,HAPPY,عالي,242185
0nn6l6,10,HAPPY,عالی ,3618040
0nn6l6,10,HAPPY,عالي,4430892
0nn6l6,4,SAD,"کمی دیر رسید
تعداد زیادی خرید کرده بودم که همه رو با چسب نواری جوری بسته بودند که تمام درهای لیوانها باهاش کنده شد.
بسته بندی بسیار بد بود",4216116
0nn6l6,10,HAPPY,خوشمزه و عالي,4430892
0nn6l6,10,HAPPY,"خیلی عالی
ممنون",320731
0nn6l6,10,HAPPY,عالي,3378332
0nn6l6,8,HAPPY,چندمین باره دارم این صبحانه رو میگیرم، گرم و خوشمزع.کاش تنوع بیشتری برای ساندویچ های صبحانه داشتین. ,143511
0nn6l6,10,HAPPY,نان سیمیت بود و ترکیبی از پنیر و گردو و کره بادوم زمینی و مربا توش بود، تجربه جالبی بود ولی دوباره امتحانش نمیکنم. قهوه عالی، بابت چای ممنون.,143511
0nn6l6,8,HAPPY,ممنون خيلى سريع و به موقع رسيد، چيز كيك هم خوب بود ولى نه اون چيزى كه انتظار داشتم، ممنون,6686803
0nn6l6,10,HAPPY,عالی,4968273
0nn6l6,10,HAPPY,"خوشمزه، گرم، سروقت
ممنونم اسنپفود و ویونا ",288437
0nn6l6,10,HAPPY,عالی. مرسی,7687133
0nn6l6,10,HAPPY,مرسی وافل خمیر سبک وپفکی داشت و شکلات هم کافی بود از چای که میهمان کردید ممنون طعم آبمیوه عالی,8432825
0nn6l6,10,HAPPY,عالی بود و گرم,1033203
0nn6l6,10,HAPPY,خيلييييييي سرد بود ولي سرعت ارسال و كيفيتش عالي بود,242185
0nn6l6,6,HAPPY,لته بدون فوم و طعم و عطر کم قهوه,1195287
0nn6l6,0,HAPPY,طعم شیک خیلی خوب نبود:(,8471280
0nn6l6,10,HAPPY,عالي بود ,2860954
0nn6l6,2,SAD,اشتباه دوتا نوشیدنی آورده شده و کروسان داده نشده,2532635
0nn6l6,10,HAPPY,شیک نوستالژی مزه بهشت میداد انقدر عالیه که هرروز دلم میخواد واقعا ممنون ,3670338
0nn6l6,2,SAD,کیفیت غذا و کیک ، حجم غذا و کیک غیر قابل تحمل بود، من از تعریف ها اینجا رو انتخاب کردم، بعد از بررسی بیشتر متوجه شدم که اینجا کافه ای هست برای گپ زدن و هزینه نشستن تو کافه رو میگیرن. کسانی که دنبال غذای خوب خوردن هستین ، ویونا قطعا مناسب نیست.,3499570
0nn6l6,10,HAPPY,شیک عااالی,10907365
0nn6l6,10,HAPPY,بسته بندی و طعم قهوه عالی,759626
0nn6l6,10,HAPPY,کیفیت بی نظیر ...,3673389
0nn6l6,10,HAPPY,همیشه کافه ویونا خوبه,1487857
0nn6l6,2,SAD,"سفارش من در بدترین حالت به دست من رسید. تمام نوشیدنی از لیوان ریخته بود بیرون و پیک یک بسته ی خیس و کثیف رو به من تحویل داد. 
",1430059
0nn6l6,10,HAPPY,خیلی خیلی عالی بود بسته بندی محشر بود حتی یک قطره هم بیرون نریخته بود واقعا کافه ویونا بی نظیره,342686
0nn6l6,0,SAD,"axe ab hendoone gozashte ab porteghal mifreste...pfff
",3708116
0nn6l6,10,HAPPY,همه چی عالی بود مثل همیشه. بستنی های وانیلی که میزارید خیلی خوش مزست.,7687133
0nn6l6,8,HAPPY,کمی بسته بندی مشکل داشت بقیه عالی,4208295
0nn6l6,2,SAD,محتویات تمام بسته بندی ها بیرون ریخته بود و از نظر پکیجینگ در خور ویونا نبود. لطفاً در خصوص پکیج ها و حمل آنها تجدید نظر بفرمایید,796116
0nn6l6,6,HAPPY,کیک شکلاتی همیشه خوب بود ولی اینقد شیرینی کمی داشت و حتا یکم به شوری متمایل بود طعم کیک. ,4202431
0nn6l6,10,HAPPY,مثل همیشه عالی و دلچسب,5707369
0nn6l6,6,HAPPY,هیچ اثری از مارس تو چیز کیک نبود!!,2683837
0nn6l6,10,HAPPY,مثل همیشه عالی بود,1059549
0nn6l6,10,HAPPY,عالی بود. ممنونم.,4556645
0nn6l6,2,SAD,بدمزه بود از بغلش میچکید اصلا اونی که سفارش دادم نبود با اب قاطی کردین انتظار نداشتم,10519987
0nn6l6,10,HAPPY,مثل همیشه عالی. بابت چایی که فرستادید هم ممنونم,4661846
0nn6l6,10,HAPPY,خوب و خوشمزه و به اندازه بود. فقط اگه کمتر برشته باشه خیلی بهتره. ممنونم ازتون.,5677057
0nn6l6,10,HAPPY,همه چی خوب دمای قهوه هم عالی یعنی هنوز داغ وقتی به دستم رسید,1101353
0nn6l6,6,HAPPY,لته به این بی مزگی نخورده بودم,4734359
0nn6l6,2,SAD,"موكا كه كلا خامه نداشت 
بسته بندي خيلي بد بود
",3381638
0nn6l6,10,HAPPY,در کل خیلی خوب هستن فقط بعضی وقتا کافه ها یخه ولی در کل خیلی راضیم از کافه ویوونا,1033203
0nn6l6,10,HAPPY,عالی,6752415
0nn6l6,2,SAD,بسته بندی واقعا افتضاح بود . با چسب ۵ سانتی دور تا دور سفارش رو چسب کاری کرده بودن . لته هم بو و طعم چسب و پلاتسیک میداد ,5425773
0nn6l6,8,HAPPY,خوب ... طمعى متفاوت ...,5217991
0nn6l6,2,SAD,نون پنینی مونده بود و حتی بوی موندگی میداد و قابل خوردن نبود،شیک شکلات با لیوان شکسته بدستم رسید و محتواش ریخته بود,4984338
0nn6l6,10,HAPPY,بسیار عالی و خوشمزه,3441860
0nn6l6,0,HAPPY,فقط لاته دولچه خیلی شیرین بود,4245291
0nn6l6,4,SAD,بدترین اسنکی که تا حالا سفارش دادم .,2899912
0nn6l6,10,HAPPY,"شيك قهوه واقعا خوشمزه ست
",3560932
0nn6l6,10,HAPPY,وافل فوق العاده بود بهترین وافل که تو زندگیم.لته هم متوسط بود. بسته بندی و ارسال خیلی سریع و عالی,3487893
0nn6l6,10,HAPPY,کوکو سبزی واقعا عالی بود هم چیپسای دورش هم خود ساندویچ با نون و مخلفات و یک سس باحال روزم رو ساخت ,4804035
0nn6l6,10,HAPPY,هميشه عالى,1228015
0nn6l6,2,SAD,زمان دریافت یکی از لیوانها تا نصفه قهوه اش خالی شده بود و زیر لیوان کاملا سوراخ بود و پیک هم بلافاصله رفته بود وبا زحمت مانده لیوان رو داخل لیوان دیگر ریختم,4051029
0nn6l6,10,HAPPY,به موقع با بسته بندی خوب و کیفیت مناسب آمد,6599801
0nn6l6,8,HAPPY,سالاد سزار حضوریش خفن تره ,324074
0nn6l6,10,HAPPY,مثل همیشه خوشمزه! ,281002
0nn6l6,10,HAPPY,عالی,6495691
0nn6l6,10,HAPPY,بهترین و عالی ترین رستوران و کافی شاپ در کل تهران هستید همه چی عالی و پیک به موقع به دستمون رسوند,1033203
0nn6l6,4,SAD,یکی از قهوه ها بیشتر مزه آب میداد با اینکه زده بود طعم فندوق اما اصلا حس نمیشد,3381102
0nn6l6,8,HAPPY,متأسفانه شیک نوستالژی اصلا طعم بیسکوییت مادر نداشت و فقط بستنی وانیلی بود.اما بقیه خوب بودن,9449649
0nn6l6,6,HAPPY,موکا روش خامه فرم گرفته نداشت ,982263
0nn6l6,2,SAD,اصلا جالب نبود,5495743
0nn6l6,2,SAD,مغایرت داشت,185070
0nn6l6,8,HAPPY,سفارش اشتباه ارسال شده بود تا متوجه بشم هم بچه هام خورده بودن ,332110
0nn6l6,10,HAPPY,"برای بار چندمه سفارش دادم 
واقعا خوشمزس    ممنونم ازتون     هربار که سفارش دادم مزش یکی از یکی بهتر بوده
فقط اسلایس چیزکیک یکمقدر کوچیک بود",7396276
0nn6l6,4,SAD,انصافا مرغاش مال چند روز پیش بود انقدر مونده و بیات بود؟؟؟!!!!,465573
0nn6l6,2,SAD,تاكيد كرده بودم كه لطفا با عسل ميكس كنيد ، ٧٦ تومن سفارش داديم عسلش ١٠٠٠ تومنم نمي شد كه نريختن ,3808263
0nn6l6,2,SAD,متاسفانه ليوان دمنوش از زير سوراخ بود و محتواي داخل دمنوش فقط در حد يك چاي كيسه اي بسيار ضعيف بود. ,768004
0nn6l6,6,HAPPY,"با این که خونه ما نزدیکه اما بازم قهوه سرد بدستم رسید. و این که این قهوتون یکم زیادی شیرینه، اگه شیرینیش یکم کمتر باشه فکر میکنم مزه خیلی بهتری بگیره و این طوری مزه خوده قهوه از بین نمیره.
کیک خوب بود.",7687133
0nn6l6,8,HAPPY,کروسان بیش از اندازه برشته شده بود ولی طعمش خوب بود.,825180
0nn6l6,10,HAPPY,کافه لاته عالی بود.کیک شکلاتی فرانسوی هم بسیار خوشمزه,3618701
0nn6l6,4,SAD,درسته اولین باره این اتفاق میوفته امااا واقعا کاش لیوان سوراخ نمیفرستادید !!!,206780
0nn6l6,2,SAD,"تو سفارش موکا رو با خامه زدن
اوردن اصلااااا خامه نداشت ... خیلی بد بود",5179493
0nn6l6,10,HAPPY,"همه چی عالی بود. 
خیلی ممنون.",7687133
0nn6l6,6,HAPPY,با سلام ،بسته بندی غذا میتونه خیلی بهتر باشه تو شرایط کرونا,1558795
0nn6l6,10,HAPPY,همه چیز عالی و خوشمزه بود,5983694
0nn6l6,10,HAPPY,عالی بود، مرسی که هستین,6758537
0nn6l6,0,SAD,تحویل اشتباه سفارش شیک وانیلی بجای شیک نوتلا,969543
0nn6l6,8,HAPPY,سلام قهوه آمریکانو کاپ کوچیک ولی همون کاپ کوچیک هم سرخابی است و لاته هم بیشتر مزه شیر میده تا قهوه,178482
0nn6l6,8,HAPPY,"تو سس اسنک یه چیزی بود که تلخش کرده بود خیلی بد شده‌بود
",3473425
0nn6l6,8,HAPPY,هات چاکلتشون همیشه عالی بود این سری که گرفتم خیلی بد مزه بود احساس کردم شیرش مانده بود طعم خیلی بدی داشت همونطوری انداختم بیرون,1033203
0nn6l6,10,HAPPY,"با سلام
کیفیت محصولات و بسته بندی، عالی بود
ممنون :))",5725525
0nn6l6,2,SAD,به نظرم اصلا خوشمزه نبود,3740525
0nn6l6,2,SAD,امریکانو مزه اب میداد!!!!,3944403
0nn6l6,10,HAPPY,سیمیت ها عالی خوشمزه و گرم چایی واقعا خوش طعم و عطر بود,8102770
0nn6l6,2,SAD,"اصلا به توضیحات من توجهی نکرده بودن 
متاسفانه احساس کردم شیر داغ میخورم ",2210438
0nn6l6,10,HAPPY,به تمام توضیحاتی که نوشته بودم توجه شده بود، بسته بندی مناسب، کیفیت همه سفارش‌هام خیلی خوب بود. ارسال سفارش سریع و سر وقت انجام شد. ممنونم,11887605
0nn6l6,0,HAPPY,عالیییی مثله همیشه =),5186676
0nn6l6,6,HAPPY,مرغهاي سالاد بشدت مونده بود وخشك,3320732
0nn6l6,8,HAPPY,کیک براونی خیلی خوب بود ، ولی موکا کارامل سالتد یکم زیادی شیرین بود ، خوش مزه بود اما شیرینیش یکم دلو میزد. ,7687133
0nn6l6,2,SAD,"کروسان برشته مایل به سوخته تحویل گرفتم و محتویات آن حاوی مقدار اندکی شکلات و موز بود.
کافه لاته بدون فوم بود و طعم و ظاهر آن شبیه به شیرقهوه بود.
راضی نبودم.
",825180
0nn6l6,10,HAPPY,بکی از معدود کافه هایی هستید که خود زنجبیل رو استفاده میکنین به جای سیروپ ، عاللللللللی  بود ، فقط لطفا یکمی کمتر شیرین باشه عالی تر میشه ,4241355
0nn6l6,8,HAPPY,خوب‌ بود همه‌ چیز ولی حجم خامه روی فراپه ها خیلی کم شده ,4609952
0nn6l6,2,SAD,"وافل واقعا افتضاح
بود ، خمیر خمیر ، اصلا نوتلا نداشت فقط یک کم فرمند ریخته بودن 
و اندازش
به کوچکی کف دست بود ، بار اخری بود از شما خرید کردم ",253016
0nn6l6,10,HAPPY,بافت براونی کمی شبیه یه کیک اسفنجی کاکائو و گردوست ، کاش بیشتر اون حالت خیسی یا چسبندگی خاص براونی رو داشت. البته مزه اش خوب بود.کرامبل سيب و نوتلا مثل همیشه عالی. ,8432135
0nn6l6,8,HAPPY,متاسفانه لاته توی راه ریخته شده بود ,257640
0nn6l6,10,HAPPY,خیلی عالی ممنون فقط چون امکان گرم کردن کرامبل سیب برای من نبود اونطور که باید از طعمش لذت نبردم,4027311
0nn6l6,10,HAPPY,عالی،بسیار به موقع و سالم به دستمون رسید.ممنون,1593837
0nn6l6,10,HAPPY,"به شدت لذيذ و با كيفيت بود
ممنونم واقعا...",503656
0nn6l6,2,SAD,نسبت به نظرایی که خوندم سفارش‌دادم متاسفانه نسبت بستنی به طعم شیک ۹۵ به ۵ بود ، یعنی اصلا مزه کارامل و بیسکوییت مادر نمیداد با اینکه ذکر کرده بودم مهمان دارم ، رسما آبروم رفت ، بستنی وانیلی با شیر,7204622
0nn6l6,8,HAPPY,باید فکری به حال آب شدن شیک و بستنی در سفارش آنلاین بکنین,165591
0nn6l6,10,HAPPY,خوش طعم و گرم به دستم رسید.سپاس,3762274
0nn6l6,10,HAPPY,خوشمزه بود و داغ به دستمون رسید با تشکر,875952
0nn6l6,2,SAD,جدیدا فقط مزه خامه میده,278221
0nn6l6,4,SAD,ظرف پلاستیکی کاملا مضر برای خوراکیهای داغ,3369130
0nn6l6,10,HAPPY,عالی بود ممنون,2938213
0nn6l6,6,HAPPY,براونی اصلا گرم نبود,1778854
0nn6l6,4,SAD,"به نظر مياد كه زياد چسب بندي كرده بودن
فوم نداشت اصلا انگار شيرو اسپرسو رو ريخته بودن روهم
زياد راضي نبودم اين دفعه",5027978
0nn6l6,10,HAPPY,عالی,3441860
0nn6l6,10,HAPPY,عالی مثل همیشه ,5927483
0nn6l6,10,HAPPY,پکیج و بسته بندی و کیفیت همش عاالی بود,7883286
0nn6l6,4,SAD,براي اولين بار آب طالبي به قدري تلخ بود كه قابل خوردن نبود و ريختم دور در حالي كه هميشه سفارش ميدادم و راضي بودم ولي اينبار قابل خوردن نبود اصلاً ,3955176
0nn6l6,10,HAPPY,عالی و گرم,1083841
0nn6l6,2,SAD,"سلام
مرغ ها خشك
كاهو حد اقل براى يك هفته پيش بود دو تا دونه زيتون . خودشونم نگاه نكردن اين سس براى اين حجم سالاد واقعا كمه",1509323
0nn6l6,10,HAPPY,"ممنونم
در کنار سفارش برای من چای سیاه هم ارسال شده بود. پیک به من گفتن خودشون گذاشتن روی سفارش. که بسیار به من حس خوبی داد. لطفا اگر اشتباهی صورت گرفته و مربوط به سفارش دیگه ای بوده بفرمایید که من هزینه رو تقدیم کنم
ممنونم",288437
0nn6l6,8,HAPPY,من مشتری ثابتتون هستم و این چندمین دفعه است که فراپه شکلات مزه قهوه میده :) امیدوارم رسیدگی کنید ,4609952
0nn6l6,4,SAD,متاسفانه كيفيت بسيار پايين بود و بافت شيك تكه تكه شده بود و طعمش با شيك قهوه هميشگى ويونا تفاوت زيادى داشت.اصلا خوب نبود.,7937052
0nn6l6,6,HAPPY,نی یادشون رفته بود بزارن ,3742188
0nn6l6,10,HAPPY,عالی مثل همیشه,5699198
0nn6l6,10,HAPPY,عالی ,5836245
0nn6l6,10,HAPPY,"همه چی خیلی خوشمزه بود  فقط یمقدار زیاد شیرین بود  
نکته  خوبی که داشت براونی یه جور خوشمزه بود    نوتلا یه جور    کیک شکلات یه جور   
طعماش شبیه به هم نبود   ولی هرسه تا خوشمزه بود",7396276
0nn6l6,10,HAPPY,عالی مثل همیشه بهترین شیک قهوه رو‌ ویونا داره,2259875
0nn6l6,6,HAPPY,دفعه اولی که سفارش دادم واقعا عالی خوشمزه بود ولی بار دوم طعم خوبی نداشت,992877
0nn6l6,8,HAPPY,کمی گرم بود ولی خوب بود.,6844914
0nn6l6,4,SAD,اصلا خوب نبود ,3698711
0nn6l6,8,HAPPY,از ساندویچ کتلت راضی نبودم اصلن .سسی ک توش زده بودین رو دوست نداشتم و مواد ب نظر مونده میومد .,7198085
0nn6l6,6,HAPPY,بسته بندیش که اونجوری در نظرات بود چیز خاصی نبود. لته و کرامبل خوب بود نسبتا,856755
0nn6l6,2,SAD,مزه ی شیر خشک میده شیک پسته ی مخصوصتون :/,3460439
0nn6l6,10,HAPPY,"واقعا خوشمزه هر دو 
واقعا ",2742424
0nn6l6,8,HAPPY,"کیک واقعا خوشمزه بود 
جینجرلاته خیلی زیاد شیرین بود و قابل خوردن نبود ",1259667
0nn6l6,8,HAPPY,عالي فقط كيك هويج رو بهترازين انتظار ميره ,3378332
0nn6l6,8,HAPPY,طعم خیلی خوب داشت ,1778854
0nn6l6,8,HAPPY,این روکش پلاستیکی نازکی که رو نوشیدنی داغ میکشید بهداشتی نیست بهتره از فویل المینیوم واسه اینکار استفاده کنید,131784
0nn6l6,6,HAPPY,"براونی خیلی بی‌کیفیت بود متاسفانه!
فقط بسته‌بندی ش مناسب بود.",875148
0nn6l6,10,HAPPY,خوب بود ممنون,845988
0nn6l6,6,HAPPY,قطعات مرغ سالاد بدبو و کهنه بود ، با کروسان بعنوان صبحانه اصلاااا سیر نخواهید شد,7420085
0nn6l6,2,SAD,كافى دم نكشيده و بدون كف بود، لاته بايد يه كفى روش باشه,3260145
0nn6l6,8,HAPPY,"معمولی بودن 
نمیدونم چرا واقعا",2742424
0nn6l6,10,HAPPY,عالی عالیی خصوصاااا چیز کیک مخصوص ویونا بی نظیره ,2821203
0nn6l6,6,HAPPY,ساندویچ بوی عجیبی میداد، تصفه خورده شد و باقی دور انداخته شد,143511
0nn6l6,6,HAPPY,افت کیفیت...,875148
0nn6l6,2,SAD,کیفیت وافل و قهوه خیلی خوب، ولی لیوان لاته ترک داشت از وسط و ریخت روی میز و لپ تاپ کار دستم داد. ,4960491
0nn6l6,10,HAPPY,همه چیز عالی بود,3618701
0nn6l6,10,HAPPY,واقعا درجه يك هستين، من دفعه اول زياد راضى نبودم بخاطر چيز كيك مخصوص ويونا و زياد تازه نبود دفعه اول، ولى بعد از اون هروز بهتر از روز بعد ، اينقدر چيز كيكاتون تازه و خوشمزس كه آدم سير نميشه ، دوتا سفرش دادم دوس داشتم دوباره سفارش بدم، طعم لبنيات تازه رو هم ميتونى حس كنى، خيلى خوب بود سريع هم اسنپ فود تحويل داد دست دو طرف هم درد نكنه، اسنپ فود هم كارى كرد كه كافه و رستىرانها به محل خودت محدود نشه و هر چى رو كه دوست دارى سفارش بدى ، جا داره از اسنپ فود هم تشكر كنم,6686803
0nn6l6,0,HAPPY,"تمیز و داغ رسید 
ولیکن من طعم شکلاتشو دوست نداشتم مثل اینکه شکلات تلخ باشه!",3483655
0nn6l6,10,HAPPY,عالی ,6576627
0nn6l6,10,HAPPY,"کیفیت مثل هميشه عالي و تحويل به موقع و سالم بود فقط اينكه نوع بسته بنديتون رو عوض كنيد براي محيط زيست بهتره 
",12247401
0nn6l6,10,HAPPY,"اصلا قهوه ها نریخته بود و بسته بندی عالی بود. طعم قهوه هام ک مثل همیشه
خیلی ممنونم.",5684490
0nn6l6,2,SAD,آیس کافی قهوه ترک با آب و یخ قاطی کرده بودند !  کیفیت نان کروسان هم خیلی بیات بود !,1231983
0nn6l6,2,SAD,براونی نبود، یک کیک شکلاتی معمولی بود,1290229
0nn6l6,10,HAPPY,عالي,1392573
0nn6l6,10,HAPPY,عالی,6495691
0nn6l6,10,HAPPY,"همه چی عالی بود مخصوصا شیک ها. 
فقط کاشکی تو منوتون بستنی خالی هم بزارید. مثلاً اگه یکی فقط ۱یا ۲ اسکوپ بستنی وانیل خالی خواست گزینش باشه.  
مرسی",7687133
0nn6l6,10,HAPPY,عالی و به موقع,3575294
0nn6l6,0,HAPPY,"من ساعت ۵:۱۵ عصر سفارش دادم و ساعت ۷ سفارشم به دستم رسید 
البته پشتیبانی اسنپ فود بسیار زیاد حواسشون بود و تماس گرفتند چند بار ، اما خب خیلی دیر به دستم رسید. ",1596839
0nn6l6,4,SAD,اصلا خوب نبود!,4865123
0nn6l6,2,SAD,خیلی افتضاحه،انگار ءب جوش رو با شیر قاطی کردن و اسمش رو گذاشتن کافه لاته!!!!,1079321
0nn6l6,10,HAPPY,خوشمزه و عالی,261881
0nn6l6,10,HAPPY,خیلی خوب بود. ممنون اسنپ. فقط یک لیوان چای ساده بدون قند و شکر ارسال شده بود که در سفارش من نبود.,162425
0nn6l6,0,HAPPY,خیلی سریع و تمیز و خوشمزه,4509422
0nn6l6,10,HAPPY,از چایی هم که فرستادین ممنون,127813
0nn6l6,10,HAPPY,خیلی زیاد خوشمزه بود ,1987144
0nn6l6,2,SAD,جالبه من چندين باره كه دارم سفارش ميدم هربار كيفيت اومده پايينتر و واقعا انتظار ارسال شيك وانيل به جاي بيسكوييت مادرو نداشتم اسنپ فود پيگيري كنين لطفا چون الكي پول دادم براي به ليوان بيتني وانيلي,6106915
0nn6l6,0,HAPPY,بسیار عالی و فوری بود ,809780
0nn6l6,0,HAPPY,واقعا راضیم,398355
0nn6l6,10,HAPPY,کراسان و کیک شکلات فرانسوی عالی بودند,6589963
0nn6l6,10,HAPPY,توی توضیحات نوشته بودم چجوری باشه خوب رعایت شده بود. عالی ممنون,3500410
0nn6l6,0,SAD,سالادش فقط کاهو و مرغ و تکه های نان بیات بود ،هیچی نداشت ,4509422
0nn6l6,0,SAD,"با سلام، سفارش بعد از کلی تاخیر و چند بار پیگیری وقتی رسید دستم، سیمیت کامل یخ و غیر قابل خوردن بود و لیوان کاغذی چایی له شده بود و چایی کامل تو جایگاه مقواییش ریخته بود و چون کاغذیه خیس شده بود و شکافته شده بود،چایی کامل دور ریخته شد
 خود پیک اعتراض کرد که من به رستوران گفتم که چایی رو نمیبرم ولی رستوران اعتراض کرد که باید ببری، من خیلی متاسف و خیلی ناراضی هستم از این سفارش، امیدوارم پیگیریهای لازم انجام بگیرد",372613
0nn6l6,10,HAPPY,من خبلی طعمشو دوس دارم,4713372
0nn6l6,8,HAPPY,"آفوگاتو به ميزان٤٠٠ ميلي ليتر كه گفته شده بود، نبود!!!!
فقط يك شات اسپريو و يه اسكوپ بستني بود
لطفا اون ٤٠٠ ميلي ليتر رو حذف كنيد تا مشتري شوكه نشه از سفارش!",3545888
0nn6l6,8,HAPPY,"خیلی سریع رسید
کراستِ چیزکیکا یه مقدار چرب بود ولی مزه شون خوبه
کیک شکلات فرانسوی بد نبود",5637953
0nn6l6,2,SAD,افتضاح دیر اومد یکساعت کشید سفارش برسه ,9094393
0nn6l6,10,HAPPY,"عالی مثل همیشه
سریع به دستم رسید برخورد پیک عالی بود
بیته بندی عالی بود و حتی یه قطره هم چیزی نریخته بود
خوشمزه و خنک بود
مرسی",742574
0nn6l6,0,HAPPY,یکم ازش ریخته بود ولی خیلی خوب بود در کل,1605089
0nn6l6,8,HAPPY,Perfect as always!,1274225
0nn6l6,4,SAD,بجاي ماست از بستني ميوه اي استفاده شده بود و خيلي شيرين بود,1124565
0nn6l6,10,HAPPY,کیک های ویونا بین همه کافه های منطقه بینظیره،همیشه با کیفیت و تازه.سفارشم میتونم بگم پنج شش دقیقه بعد از ثبت به دستم رسید.واقعا عالی هستین،ممنون,3693614
0nn6l6,2,SAD,دوتا وافل ناقص بریده شده بود غیرهم اندازه، و از سردیش و شکلش حتی ب نظر میومد همون موقع درست نکردن، داشتن فرستادن، خیلی افتضاح بود! ,1597385
0nn6l6,8,HAPPY,خوب بود. اگر بسته بندی کمی شکیل تر باشه بهتره. ,4152140
0nn6l6,10,HAPPY,عالي بود و خيلي با كيفيت,6548728
0nn6l6,2,SAD,سس هم يادتون رفته بود بديد,2894686
0nn6l6,0,HAPPY,عالی,2841313
0nn6l6,10,HAPPY,مثل همیشه عالی و تازه و بسته بندی فوق العاده خیلیم زود و داغ به دستم رسید و پیک هم خیلی خوس برخورد و مودب بودن,742574
0nn6l6,0,SAD,ايس كارامل قرار بود بستني داشته باشه ولي فقط پر يخ بود اصلن نمي شد خورد,2212319
0nn6l6,2,SAD,متاسفانه جلوی مهمان خجالت کشیدم. فقط کاهو و کمی مرغ بی شکل و بی نظم و زیتون. خیلی بد,1970344
0nn6l6,0,HAPPY,خيلي خوب بود ممنون از مديريت ,5672552
0nn6l6,10,HAPPY,طعم قهوه خوبه ولی فکری برای بسته بندیش بکنید.اولا,953282
0nn6l6,10,HAPPY,عالییییی,5740060
0nn6l6,10,HAPPY,مثل همیشه عالی و خوشمزه,4756355
0nn6l6,0,HAPPY,"عالي بود، هم كيك ها و هم لاته ، خيلي زود رسيد و هم خيلي خوب بسته بندي شده بود و هم گرم بود , ممنون",3333495
0nn6l6,10,HAPPY,عالیی,5740060
0nn6l6,8,HAPPY,عالى بود,6106915
0nn6l6,8,HAPPY,"در کل خوب بود و سالم به دستم رسید.
ولی کافه گلایه خوبه بیشتر بستنی داشته باشه. بستنی خیلی کم بود و همون هم آب شده بود. ",3407110
0nn6l6,0,HAPPY,خوب بود.,2082877
0nn6l6,10,HAPPY,مثل همیشه عالی,5740060
0nn6l6,0,HAPPY,پنيني مرغ خشك بود,5357771
0nn6l6,10,HAPPY,مثل همیشه عاللیی,5740060
0nn6l6,2,SAD,ضمن تشكر بابت سفارش هاي قبلي من هميشه كيك نوتلا مي گرفتم و خيلي راضي بودم اين دفعه چيز كيك سفارش دادم برش خيلي كوچك تر بود و شكلات روي كيك آب شده بود كاملا و ريخته بود در ظرف كه راضي نبودم  پيك خوش برخورد بود و به سرعت سفارش من رو آورد فكر مي كنم اگر قبل ارسال كيك سردتر بود اين مشكل پيش نميامد ,4208401
0nn6l6,10,HAPPY,مثل همیشه رضایت بخش,3185916
0nn6l6,6,HAPPY,"من پیشنهاد میکنم روشی رو در نظر بگیرید که بشه کافه رو با کیفیت بهتری رسوند، چون عملا روی این کافه هیچ خامه ای وجود نداشت و طبیعتا به دلیل عدم وجود خامه، سس شکلات ته نشین میشه و ترکیبش چیزی شبیه شیر کاکائو قهوه میشه تا اون میکس جذاب و خوش طعم موکا که توی کافه میشه نوشید.
به هیچ وجه کیفیت قهوه ارسالی شباهتی به چیزی که سرو میکنید نداره",3524405
0nn6l6,0,HAPPY,اشتباهی اینو سفارش دادم و طرفدارش نیستم اما خداروشکر خوب بود مزه‌اش. ,3426277
0nn6l6,10,HAPPY,عااللییی,5740060
0nn6l6,10,HAPPY,مثل همیشه عالی بود.,7142890
0nn6l6,10,HAPPY,عالی,5547921
0nn6l6,2,SAD,من كراسان با تخم مرغ سفارش دادم ولي كروسان با موز و نوتلا فرستادين چرا ,1342509
0nn6l6,0,HAPPY, بی شک بهترینه!,3384187
0nn6l6,8,HAPPY,كيك موكا موقع ارسال له شده بود,3509347
0nn6l6,10,HAPPY,عالي تازه خوشمزه يك صبحانه عالي خيلي هم سريع ارسال شده و گرم به دستم رسيد مرسي,4208401
0nn6l6,10,HAPPY,غالی بود,4069715
0nn6l6,0,HAPPY,بهترین انتخاب برای صبحانه!,3384187
0nn6l6,10,HAPPY,خوشمزه بود,9852868
0nn6l6,0,HAPPY,نصف وافل سفت شده بود ولی بازم خوب بود ,322281
0nn6l6,2,SAD,گوشت پنینی واقعا بوی بدی میداد و ریختم دور کلش رو,3104192
0nn6l6,2,SAD,یه قهوه کامل ریخته بود کیک رول دارچین کاملا با قهوه خیس شده بود و قابل خوردن نبود و چیز کیک بدنه ظرف مالیده شده بود فقط یک کاپ قهوه قابل خوردن بود,4329445
0nn6l6,0,SAD,انتظار داشتم بهتر باشه. نسبت به پولش بی ارزش بود,5975736
0nn6l6,10,HAPPY,فراپه انتخاب هميشگي من و عااااليه,757786
0nn6l6,6,HAPPY,فیش مهر شده را ارسال کنید ,1461167
0nn6l6,0,SAD,براي بار دوم بدون خامه فرستادن كه داخل توضيحات ياداورى كرده بودم,805111
0nn6l6,2,SAD,"تماام شکلات کیک پخش شده بود حتی توی کیسه ای که غذا هم بود ریخته بود که پیک گفت چیزیی نیست من باکسم مشکل داشته اینطوری شده!!من عکسم گرفتم که بفرستم ببینین پیکتون به چه وضعیتی میگه چیزی نیست انگار ایشون میخوان میل کنن غذارو
اسنک هم خیلی بی کیفیت بود و حجم الکی زیادی داشت؛به جای حجم روی کیفیتش کار شه فکر کنم خیلی بهتره",473118
0nn6l6,10,HAPPY,این بستنی عالییییی,6896549
0nn6l6,6,HAPPY,دمنوش زعفران و هل و بهارنارنج، ذره ای زعفرون نداشت که شاد شیم ,167273
0nn6l6,0,SAD, اسنك ها كاملا به هم ريخته دست ما رسيد,516775
0nn6l6,10,HAPPY,"بسيار عالي و مطلوب با برخورد بسيار بسيار محترمانه مسئول كافي شاپ 
و تشكر ويژه از برادران خوب اسنپ فود ",4654832
0nn6l6,2,SAD,گوجه گيلاسي در سالاد نبود كاهو هم كمي تلخ بود وتازه نبود ته كاهو هم در سالاد بود مرغش هم خيلي خشك بود هم شيرين بود در كل سالاد در حد كافه ويوونا نبود چون ازكافه ويونا انتظارمون كيفيت خوب و متفاوته ,4208401
0nn6l6,8,HAPPY,کیک ها چپه شده و داغون به دستمون رسید.ممنون از پیک محترم,4263689
0nn6l6,10,HAPPY,"خوب بود
گرم رسید.",819633
0nn6l6,10,HAPPY,خيلي عالي مرسي,4208401
0nn6l6,10,HAPPY,من یه موکا سفارش داده بودم ولی دوتا ارسال شده، هزینه اش؟,3870849
0nn6l6,10,HAPPY,فوق العاده بود. ممنون از کافه ویونا,2233337
0nn6l6,6,HAPPY,"من مشتري هميشگي ويونا مخصوصا البالو داغ هستم
متاسفانه اين دفعه بسته بندي خيلي بد بود و ليوانا خيس خورده بود تقريبا ١/٣ نوشيدني ريخته بود",1098447
0nn6l6,0,HAPPY,سالم و به موقع رسید فقط لیمونادش خیلی دیگه آبکی بود !,997011
0nn6l6,10,HAPPY,شیک نوتلا عالی بود اما من کیک رو دوست نداشتم احساس میکنم خیلی سنگین بود ,3520425
0nn6l6,0,HAPPY,عالي داغ سريع ، خيلي خوب بود,1561259
0nn6l6,2,SAD,میلک شیکش  جون به جونش میکردی مزه نوتلا نمیداد خیلی کم نوتلا داشت ...جالب نبود ,2678263
0nn6l6,10,HAPPY,عالي مثل هميشه,757786
0nn6l6,10,HAPPY,همیشه بهترینه,3384187
0nn6l6,0,HAPPY,خوب بود,3050988
0nn6l6,10,HAPPY,"کیک هویج خوب بود اما جینجر لاته عالی بود داغ بود هنوز به موقع رسید کاملا سالم رسید
مرسی",2047101
0nn6l6,10,HAPPY,"چیز کیک انگار زیر پنیر کیک نیست..یه چیزی شبیه حلوا بود !
",3626159
0nn6l6,0,SAD,متاسفانه بسته بندي كافي يكيش خوب و سفت نبود و كاملا نصف شده بود . ايراد از پيك نبود از بسته بندي محل ارسال بود.,242185
0nn6l6,0,HAPPY,عالی بود همه چی‌بغیر از چری بری البته شاید ب ضائقه ی من دوره,3389326
0nn6l6,2,SAD,عدم تماس جهت تحويل ,2568769
0nn6l6,0,SAD,آمریکانو کیفیت بسیار نامطلوب داشت...و مزه قهوه سوخته و یا پلاستیک داغ شده داشت..,905975
0nn6l6,4,SAD,اينبار كيفيت شيك واقعا بد بود,784954
0nn6l6,4,SAD,سرد رسید,5259601
0nn6l6,10,HAPPY,ميكس خيلي مزه خاصي نداشت و معلوم نبود اصلا توش چي داره اما تروبري عالي بود,6106915
0nn6l6,10,HAPPY,اینجوری نمیشه که! خیلی خوشمزه بود ,1421623
0nn6l6,0,HAPPY,هم ارسال به موقع بود و هم سيميت و چاي هر دو گرم بود،طعمشم كه عاالي بود.,735584
0nn6l6,10,HAPPY,عالی,4691454
0nn6l6,0,HAPPY,کیک ردولوت خیلی خوشمزه و تازه بود، ولی اسنک  خیلییی معمولی بود و بنظرم  بد نیست از سبزیجات بجای چیپس برای کنار سفارش استفاده کنن، و اینکه از کافه ویونا به این حجم از گستردگی در سطح شهر توقع میره بجای استفاده از ظرف پلاستیکی از ظرف کاغذی استفاده کنن خداقل آسیب کمتری به طبیعت بزنن.و اینکه پیک غذارو سری آورد و گرم  بود هنوز.ممنونم,2635861
0nn6l6,10,HAPPY,خيلي خوب بود و عالي ,6106915
0nn6l6,0,HAPPY,یکم آب شده بود ولی بازم خوشمزه بود,4757167
0nn6l6,2,SAD,من شیک پسته مخصوص خواستم برام بستنی وانیلی آوردن الان اگه قبول کنن با یه معذرت خواهی سر و تشو هم میارن واقعا متاسفم,725548
0nn6l6,2,SAD,قهوه بسیار کم و پر از شکر. مزه قهوه نمیده مزه آب قند میداد. در صورتی که توی منو ننوشته شکر داره. اگر میدونستم شکر داره سفارش نمیدادم. ,4179349
0nn6l6,10,HAPPY,به جز کیک هویج که خیلی به دلم نشست ولی بقیه شون عالییی بودن مخصوصا دوتا چیز کیک ها,3361461
0nn6l6,2,SAD,بسيياار بد و بي كيفيت,1202395
0nn6l6,4,SAD,طعم شيك بسيار ضعيف و در مقايسه با گذشته اصلا خوب نبود ,655620
0nn6l6,0,HAPPY,بد نبود ولی بستنی توی کافه گلاسه خیلی خیلی شیرین بود که دل رو می زد و دوست نداشتم,4017837
0nn6l6,0,HAPPY,عالی مث همیشه که سفارشش میدم. خواستم پیشنهاد بدم دوستان اگه توی توضیحات بنویسن جزییات سفارششونو کمتر مشکل پیش میاد,3500410
0nn6l6,6,HAPPY,خیلی چیز جالبی نبود انتظار خیلی بهتر از این رو داشتم,325734
0nn6l6,10,HAPPY,شاهکار بود خیلی خوشمزه بود,143410
0nn6l6,6,HAPPY,من این غذا رو همیشه حضوری خوردم و کیفیتش خیلی بالاتر بود,4713372
0nn6l6,10,HAPPY,مثل همیشه عالی بود. ,7142890
0nn6l6,10,HAPPY,سریع و داغ رسید و چسبید.,275333
0nn6l6,6,HAPPY,خوشمزه بود، ولي شكلاتش نوتلا نبود، لطفا كافه ننويسه نوتلاس، ديگه بعد از اينهمه مدت تفاوت مزه شكلات ها رو تشخيص ميديم,5551110
0nn6l6,6,HAPPY,گرون تر شده ولى نوتلاش كمتر شده، بيشتر مزه شكر ميداد تا نوتلا. ويونا هميشه خوب و باكيفيت و خوشمزه بوده ، حيفه خرابش كنين,5099106
0nn6l6,8,HAPPY,خوشمزه و خیلی زود به دستم رسید,1778854
0nn6l6,6,HAPPY,واقعا انتظارم از ويونا بيشتر بود قهوه سرد و بي كيفيت ,4208401
0nn6l6,10,HAPPY,مثل همیشه عالیی,5740060
0nn6l6,10,HAPPY,"مثل همیشه عالی به موقع رسید و پیک خوش برخورد بود
بسته بندی هم همیشه جوریه که هیچی نمیریزه و کاملا سالم تحویل میشه
مرسی از دقتتون",742574
0nn6l6,10,HAPPY,عالی بودید دمتون گرم مثله همیشه ,2973580
0nn6l6,10,HAPPY,همه چیز عالی,840507
0nn6l6,8,HAPPY,یخ کرده بود حسابییی,174746
0nn6l6,8,HAPPY,عالیییییی و خنک بود,3958692
0nn6l6,0,SAD,اگه چیپس نذارین  خیلی بهتره تا چیپس نمداری که انگار تو آب خیس خورده بذارین کنار اسنک,131867
0nn6l6,0,HAPPY,از كيفيت كاپوچينو اصلا راضي نبودم ترش بود بيشتر تا تلخ ,5339978
0nn6l6,0,HAPPY,عالی بود..هم گرم و هم خوش طعم...5 ستاره ,2699128
0nn6l6,0,HAPPY,مثل همیشه عالی,296787
0nn6l6,0,SAD,قهوه کاملا سوخته و بدمزه بود ,1122689
0nn6l6,4,SAD,کیفیت سینامون دولچه بسیار نازل و شیر اون مزه ماندگی و بسیار بدی داشت ....البته متاسفانه مدتی میشه که کیفیت کارتون افت کرده و کم کم در سفارش به شما تجدید نظر لازم شده ..........من مشتری ثابت شما بودم ..اما................,905975
0nn6l6,10,HAPPY,عالی مثل همیشه,743398
0nn6l6,0,HAPPY,عالی مثله همیشه,1729756
0nn6l6,0,HAPPY,ممنون. لطفا به همراه شیک قاشق هم ارسال کنید.,1512779
0nn6l6,10,HAPPY,مثل همیشه ویونا عالی بود ممنوت,5547921
0nn6l6,10,HAPPY,مزه شیر قهوه سوپر مارکت هارو میداد ,4424867
0nn6l6,10,HAPPY,"طعم درجه يك
بسته بندي عالي
كاملا هم سر وقت رسيد",757786
0nn6l6,10,HAPPY,سیمیت تخم مرغ مثل همیشه خوشمزه بود. موکا هم همین طور. برای اولین بار شیک قهوه گرفتم، واقعا خوش طعم بود!,7142890
0nn6l6,10,HAPPY,خیلی خوب بود,4222781
0nn6l6,10,HAPPY,کافه لاته فوق العاده عالی بود،،،،از کیک برانی هم که دیگه نگم براتون،،،،،جای تعریف نداره فقط باید یکبار امتحان کنید,5942643
0nn6l6,10,HAPPY,عالی.  خیلی خوب بود که چسب نزده بودید.  سفارش قبلی خیلی طول کشید تا چسب هایی که به جعبه زده بودید باز کنم. ,3316874
0nn6l6,0,HAPPY,همه چی عالی بود کیفیت ، بسته بندی و زمان ارسال . ممنون ,948311
0nn6l6,0,SAD,من کارامل ماکیاتو خواستم ذکر کرده بودم که کارامل داشته باشه و اینکه خامه داشته باشه روش هیچکدوممون نداشت و این که من میدونم نوشیدنی های گرم ویونا واقعا فوق العاده است مخصوصاً این شعبه حالا این ایراد و نمیدونم از کی باید بگیرم,172119
0nn6l6,10,HAPPY,عالی بود. ممنون بابت مشتری مداری و اینکه برامون عسل اضافه گذاشتین ,4179349
0nn6l6,10,HAPPY,مرسی از ارسال به موقع و طعم مطلوب مثله همیشه. فقط اگر بتونین برای قهوه فرانسه فیلتر بذارین که اینقدر توش خرده قهوه نباشه دیگه عالی میشه. ,4179349
0nn6l6,2,SAD,بی مزه و بدون کیفیت مورد انتظار,289680
0nn6l6,2,SAD,برخلاف همیشه بسیار کیفیت پایین اومده بود ، حتی با دفعه های پیش هم سفارش از نظر شکلی فرق میکرد,2925019
0nn6l6,10,HAPPY,"مثل همیشه بسیار باکیفیت ‌و تازه بود. البته تخم‌مرغش مزه‌ی خاصی نمی‌داد؛ فقط با کیفیت بود :))
چایی‌اش هم خیلی خوب بود. ",3426277
0nn6l6,0,HAPPY,خیلی سریع آورد ,4509422
0nn6l6,2,SAD,خيلي بد اصلا از ويونا انتظار نداشتم تخم مرغ يخ بود داخل نان يخ ، تخم مرغ آب پز سردش هم بد مزه هم باعث دلرد ميشه ربطي هم به سردي هوا نداشت معلوم بد از يخچال در آمده,4208401
0nn6l6,0,HAPPY,تو سفارش کفته بودم روی هر ماگ نوشته بشه چی هستش که انجام نشده بود!,948311
0nn6l6,2,SAD,بدتر از این نمیشد! واقعا از ویونا انتظار نداشتم ، وافل خیلی خشک بود و همچنین حجم بسیارکمی نسبت به قیمتش داشت,4125658
0nn6l6,10,HAPPY,بسبار خوب و داغ بود تشكر,4654832
0nn6l6,0,HAPPY,تازه و با کیفیت,188288
0nn6l6,10,HAPPY,"مثل همیشه عالی 
خوب بسته بندی شده بود که چیزی نریزه و همیشه یالم تحویل میشه 
به موقع رسید برخورد پیک عالی بود",742574
0nn6l6,0,HAPPY,من كه اولين بارم بودسفارش دادم ولي كلا خيلي خوشمزه بود هم گرم بود ممنونم ,4898682
0nn6l6,0,HAPPY,سلام مثل همیشه عالی بود! ممنونم.,4556645
0nn6l6,10,HAPPY,ممنون مثل هميشه خيلي خوشمزه بود ولي فقط كارد و چنگال نداشت و دوباره گوجه گيلاسي هم نبود كه دفعه هاي پيش داشت ,4208401
0nn6l6,0,HAPPY,بسته بندی نا مناسب و پلاستیکی,3919300
0nn6l6,8,HAPPY,وافل یکم خشک بود نسبت به قبل,4424867
0nn6l6,10,HAPPY,فوق العاده بود.,1274225
0nn6l6,10,HAPPY,ویونا بهترین کافه سعادت اباده،ارسال سریععع،خوشمزهههههههههههه،خدااااا خیلی دوسش دارم.ممنون انپ فور,3344417
0nn6l6,10,HAPPY,خیلی خوشمزه بود. ممنون از چایی که فرستاده بودین,381014
0nn6l6,8,HAPPY,شیک  قهوه خوب و بی نقص بود .شیک پسته ولی اصلا مزه پسته نمی داد من قبلا در کافه ویونا خورده بودم عالی بود ولی امروز فقط مزه بستنی وانیلی می داد اما به هر حال ممنون از زحمات همگیخنکیش لذت بخش بود,7204276
0nn6l6,2,SAD,کلش ریخته بوده ,6752415
0nn6l6,2,SAD,لاته قهوه‌ش خیلی کم بود کلاً مزه شیر جوشیده میداد,1745559
0nn6l6,10,HAPPY,تازه و خوشمزه ممنون,4831583
0nn6l6,8,HAPPY,براونی متاسفانه کیک شکلاتی معمولی بود,261881
0nn6l6,6,HAPPY,خوب بود و معمولی,1778854
0nn6l6,6,HAPPY,کیفیت سالاد خوب بود و کاهو تازه بود، اما پنینی حجمش کم و مونده بود و  چیپس‌هاش مونده و بد مزه بودند. ,660408
0nn6l6,10,HAPPY,مثل همیشه عالی آدم لذت میبره به شما سفارش میده,7814684
0nn6l6,10,HAPPY,کاش کرواسان تخممرغتون توش ابپز نبود نیمرو بود بنظرم بهتر میشد در کل خوب بود,6095879
0nn6l6,10,HAPPY,مثل همیشه کیفیت لاته خوب بود. فقط اگر یه فکر به حال بسته بندی بکنید عالی میشه. چون اون چسب هایی که می‌زنید برای محکم نگه داشتن لیوان و ریخته نشدنش واقعا سخت باز میشن و موقع باز کردن ممکنه قهوه بریزه.,436181
0nn6l6,6,HAPPY,بسته بندی کیکها مناسب نبود. کیکها کج شده بودند و تقریبا له شده بودند. ,3323234
0nn6l6,10,HAPPY,خوب و به موقع و سریع ,7942893
0nn6l6,2,SAD,موکا دوبل شبیه توضیحات نبود ,4509083
0nn6l6,4,SAD,از کافه ویونا انتظار خیلی بالاتری داشتم نسبت به گذشته کیفیت خیلی افت کرده,3673389
0nn6l6,6,HAPPY,"کیفیت هات چاکلت مثل همیشه نبود و رقیق بود.
اندازه چیزکیک کوچک شده بود!!!",125643
0nn6l6,10,HAPPY,"عالی به موقع تحویل داده شد
داغ و تازه",8020070
0nn6l6,10,HAPPY,عالی همیشه در اسرع وقت,1487857
0nn6l6,10,HAPPY,خوب بود ممنون (,2226887
0nn6l6,10,HAPPY,مثل همیشه عالی,164701
0nn6l6,10,HAPPY,مثل هميشه عالي با بسته بندي خوب,757786
0nn6l6,0,HAPPY,عالی مثل همیشه ,9252781
0nn6l6,10,HAPPY,واقعا عالی بود به معنای واقعی,1370119
0nn6l6,10,HAPPY,من خيلي دوست دارم و زياد اين صبحانه رو ميگيرم,6657834
0nn6l6,10,HAPPY,بسیار عالی,2989570
0nn6l6,8,HAPPY,"تنها چیزی که باعث میشه ۵ستاره رو ندم ارسال چای هست
به نظرم اگه سفارش دهنده بخوا،  نوشیدنی رو سفارش میده، یا اینکه حداقل گزینه ای برای ارسال چای در نظر بگیرید. به جز این من همیشه راضیم از سفارشم از کافه ویونا",1175523
0nn6l6,8,HAPPY,بسته بندی کافه میتونه فکر شده انجام بشه. اینکه روی سر لیوان رو سلفون میکشن بعد روش چسب میزنن باعث میشه چسب بچسبه به سلفون و بازکردن این بسته بندی سخت هست و در خیلی مواقع باعث میشه بریزه. و اینکه کافه میتونه برای سفارشات خودش جای پلاستیک از بسته های کاغذی استفاده کنه. مصرف پلاستیکشون زیاده.,4202431
0nn6l6,10,HAPPY,هميشه عالي,644992
0nn6l6,10,HAPPY,عالي,644992
0nn6l6,8,HAPPY,تنوع صبحانه خیلی کم هست,786784
0nn6l6,10,HAPPY,سرعت ارسال و پیک خیلی خوب. مزه شیک مثل همیشه عالی بود. ,9384465
0nn6l6,8,HAPPY,عالی,4856963
0nn6l6,10,HAPPY,شیک نوتلا عااالیه,10907365
0nn6l6,8,HAPPY,"خوب بود بابت چایی هم ممنون، فقط سعی کنید کیفیت رو در یک سطح نگه دارید چون من دفعه پیش که گرفتم پر تر بود و اینجوری توقع میره بالا بعد سفارش بعدی که فرق داشته باشه تو ذوق میزنه پس سعی بشه در یک سطح نگه دارید بهتره که تأثیر منفی رو مشتری نداشته باشه
با تشکر",513976
0nn6l6,10,HAPPY,خیلی دیر رسید من ساعت ۸ سفارش دادم ۱۲رسید دستم ولی خوب بود ,1476937
0nn6l6,2,SAD,متاسفانه شربت عرق نعنا و کاسنی انقدر تلخه که نمیتونم بخورم انگار که از دستتون در رفته باشه و عرق نعنا بیش از حد ریخته باشین بعد هم به روی خودتون نیاوردین همینو پست کردین متاسفم ,4320933
0nn6l6,2,SAD,یه فیله مرغ ضخیم‌که بوی بدی میداد و بسته بندی نامناسب,1694873
0nn6l6,2,SAD,وافل سوخته و بسیار بد بود!,7028459
0nn6l6,10,HAPPY,مثل همیشه عالی,624327
0nn6l6,10,HAPPY,سلام خیلی تازه بودند کیک ها و خیلی سریع به دستم رسید ، ممنون از ویونا و ممنون از اسنپ ,7835675
0nn6l6,8,HAPPY,عااالی بود و خیلی سریع رسید,733069
0nn6l6,10,HAPPY,شیک نوتلا مثل همیشه عاااالی,10907365
0nn6l6,10,HAPPY,عالی,10907365
0nn6l6,10,HAPPY,فوق العاده,10907365
0nn6l6,8,HAPPY,"همه چی از جمله بسته بندی و زمان ارسال خوب بود ولی به جای شیک کارامل برای ما وانیل فرستادن.
کاش هر طعم دیگه‌ای رو اشتباهی میفرستادن جز وانیل :))",2489527
0nn6l6,8,HAPPY,کیفیت خوبی داشت، گرماش متوسط بود، یه ربعی طول کشید تا رسید ولی اکی بود. ,5247676
0nn6l6,10,HAPPY,عالی خیلی زودتر از اون چیزی ک فکرشو کردم رسید و داغ خوشمزه,13285631
0nn6l6,10,HAPPY,مثل همیشه کیک ها تازه و خوش طعم ,7762681
0nn6l6,2,SAD,روز بروز داره کوچیکتر میشه ... بجای کوچیک کردن وافل قیمتشو بالاتر ببرید ... ما که تو سیاره دیگه ایی زندگی نمیکنیم تو همین کشوریم و میبینیم قیمت مواد اولیه همش سیر صعودی داره ,3445759
0nn6l6,8,HAPPY,توصیه میکنم,131784
0nn6l6,4,SAD,"متاسفانه ظرف ميلك شيك ترك داشت از دو طرف وتا گرفتم دستم كلا ليوان شكست وشيك بيرون ريخت
جنس ظروف بأيد مستحكم تر باشه نه اينقدر بيكيفيت",977208
0nn6l6,10,HAPPY,عالی و به موقع درجه یکین,10084719
0nn6l6,10,HAPPY,عالي بود چاي هم فرستاده بودن ممنونم,4587079
0nn6l6,10,HAPPY,ویونا خوش طعم ترین قهوه ها رو داره.,875952
0nn6l6,6,HAPPY,"یک چای هم اضافه فرستاده بودن اشتباهی
وافل کیفیت پایینی داشت
",473118
0nn6l6,10,HAPPY,عالی ,11364569
0nn6l6,10,HAPPY,يكم زيادي شيرين بود و بار اول بود كه اينجوري بود طعمش,242185
0nn6l6,10,HAPPY,متشكر براى چاى‍,6313433
0nn6l6,10,HAPPY,خیلی سریع سفارش به دستم رسید و تازه و خوشمزه بود ,4557749
0nn6l6,8,HAPPY,معمولی بود. یه قسمتاش نمیدونم چی بود ولی تلخ بود,5316898
0nn6l6,6,HAPPY,من هربار سفارش دادم خوب بود ولی این بار فقط بستنی بود,5927483
0nn6l6,2,SAD,سفارش کاملا متلاشی شده به دستم رسید و متاسفانه این چندمین باره علارغم تذکرها و گزارشات قبل,7883286
0nn6l6,10,HAPPY,کیک هویج چپ شده بود چسبیده بود به درش و کلا ولو بود تو ظرفش ,4166187
0nn6l6,10,HAPPY,مثل همیشه فوق العاده,3384187
0nn6l6,10,HAPPY,بسیار خوب بود,5723120
0nn6l6,8,HAPPY,شیک مثل همیشه خوب بود ولی کیک خیلی خیلی شیرین بود اصلا نمیشد خوردش.,9276414
0nn6l6,8,HAPPY,واقعا خوب و عالی و کاشکی چایی رو بعنوان یک سوال بپرسند که ارسال بکنند یا نه ولی همه چیز خوب .,6544419
0nn6l6,6,HAPPY,با این که خونه ی ما نزدیکه ویونا هست اما شیک ها خیلی اب شده بودن.,7687133
0nn6l6,10,HAPPY,طعمش مثل همیشه عالی ,2089867
0nn6l6,2,SAD,همه نوشیدنی ها ریخته بود,2356074
0nn6l6,6,HAPPY,خیلی سرد بود نوشیدنیها اوایل خیلی گرم به دستمون میرسید ولی کیفیتش عالی بود مثل همیشه ,1033203
0nn6l6,6,HAPPY,با دو بار اعلام تاخیر رسید,982263
0nn6l6,10,HAPPY,فقط یک مقدار سرد شده بود ,1033203
0nn6l6,2,SAD,"سلام 
لیوانا شکسته بود همش ریخته بود توی کارتون زیرش 
بسته بندیش خیلی بد بود  ",1774618
0nn6l6,2,SAD,چیز کیک خرد شده بود و قابل استفاده برای پذیرایی نبود. ,3185916
0nn6l6,2,SAD,سفارش ۲ تا لته، بیش از ۱ ساعت زمان برد تا تحویل داده شود,1494151
0nn6l6,8,HAPPY,لیوانی ک باهاش قهومو فرستادین،شل بود و نمیتونستی بگیری دستت چون میریخت!قهومم سرد بود,1219519
0nn6l6,2,SAD,بسته بندی کلی نداشت. همه اینها رو دونه دونه تحویل دادند، نه اینکه همه داخل یه پاکت باشه. شیک ها هم آب شده بودند,5545438
0nn6l6,10,HAPPY,خوب بود,10112951
0nn6l6,10,HAPPY,خوشمزه مثل همیشه فقط یکم طولانی رسید,4090623
0nn6l6,10,HAPPY,ویونا بهترینی,7243154
0nn6l6,10,HAPPY,عااااالی,4402378
0nn6l6,2,SAD,اينبار واقعا افتضاح بود با كلي تاخير وسرد قابل خوردن نبود به هيچ وجه تاسف,3378332
0nn6l6,8,HAPPY,همه چی خوشمزه و تازه بود فقط در حمل چیز کیک دقت نشده بود و خرد شده به دستم رسید ، ولی با اختلاف بهترین چیز کیک مال ویوناست . ممنون,772002
0nn6l6,10,HAPPY,همه چی بسیار خوب,127813
0nn6l6,6,HAPPY,"پیک بدلیل کرونا حاضر نشد بیاد داخل ساختمان در عوض بسته ها را در آسانسور گذاشت و از من خواست بدم برش دارم. 
چیز کیک مخصوص ویونا عالی بود ۵ ستاره اگر می شد بیشتر هم می دادم  بقیه ۴ ستاره",3701043
0nn6l6,10,HAPPY,کیک ها مثل همیشه عالی,3539006
0nn6l6,6,HAPPY,طعم خوبی داشت ولی به باریکترین صورت ممکنه اسلایس شده بود،فقط یک اسلایس کوچک,4371654
0nn6l6,8,HAPPY,بسته بندی خیلی بد بود تو یک پلاستیک دسته دار ساده که گره زده شده بود ، چیز کیک هم خرد شده بود,5587618
0nn6l6,6,HAPPY,کیک نوتلا بیش از حد شیرین بود,5629087
0nn6l6,10,HAPPY,بينظير خيلي عالي,8883155
0nn6l6,10,HAPPY,بی نظیر هیچ جا تو تهران همچین چیزی نیست نگرد,165591
0nn6l6,2,SAD,سفارش بعد از 43 دقیقه تحویل شد و نان سیمیت سرد شده بود,5263549
0nn6l6,0,SAD,من دوتا چیز کیک میخواستم دوتا کرامبل فرستادن ,1607807
0nn6l6,10,HAPPY,بسیار عالی، تازه و داغ و خوشمزه با بسته بندی مناسب. چای هم اشانتیون گذاشته بودند ,7395272
0nn6l6,4,SAD,از اون سسا ك  ميخواستم نبود،كيكم كه اشتباه گذاشتيد...,7820303
0nn6l6,10,HAPPY,یه ترک کوچولو داشت لیوان اما محتویات عالی ,4074014
0nn6l6,6,HAPPY,متاسفانه کیک له شده بود:(,968028
0nn6l6,6,HAPPY,کیفیت رول دارچین خیلی افت کرده. مثل قبل خوب نبود.,8049656
0nn6l6,10,HAPPY,عالی ,9678519
0nn6l6,10,HAPPY,شیک مثل همیشه عالی,10907365
0nn6l6,10,HAPPY,عالی عالی عالی,6329032
0nn6l6,10,HAPPY,بینظیر بود,6329032
0nn6l6,8,HAPPY,سالاد اصلا جالب نبود فقط کاهو بود سس خیلی خیلی برای این حجم سالاد کمه کلا سالاد سزار تفاوتش به سس ش هست ,5570832
0nn6l6,8,HAPPY,"كرامبل سيب عالي بود
ولي چيز كيك زيادي ترش بود!",314256
0nn6l6,10,HAPPY,"خیلی خوب بود.
با توجه به چیزایی که داخلش بود انتظار نداشتم ترکیب جالبی باشه ولی بطرز عجیبی اصلا ترکیب مزه ها آزار دهنده نبود بلکه خیلیم تجربه جذذذابی بود
مرسی ویونا ",288437
0nn6l6,8,HAPPY,خوشمزه بود اما شملات به کار رفته فرمند بود نه نوتلا,8007552
0nn6l6,8,HAPPY,چیز کیک NY خیلی عالی بود ، شیک نوتلا اما شکلات به کار رفته فرمند بود نه نوتلا,8007552
0nn6l6,10,HAPPY,"میتونست کمتر شیرین باشه 
ولی واقعا خوشمزس از دستش ندید",2742424
0nn6l6,10,HAPPY,عالی بود ولی حجم کیک بزوانی خیلی کم بود و دو تا قهوه نزدیک به یک ساعت طول کشید تا ب دستم برسه,1262791
0nn6l6,2,SAD,اسلایس کیک ها خیلی خیلی کوچک بود مثل اینکه هر قطعه رو نصف کرده باشن داده باشن. بیسکوییت زیر اسلایس های چیز کیک و کیک نوتلا خرد شده بود و ناقص ارسال شده بود. از جهت طعم هم بسیار بسیار معمولی و بدون مزه خاصی بود. هرگز دیگه از این جا چیزی سفارش نمیدم. کیفیت هم شدیدا افت کرده.,875148
0nn6l6,10,HAPPY,مثل همیشه عالی,5441908
0nn6l6,0,HAPPY,عالی بود ممنونم بابت چای که رو سفارشم گذاشته بودید ,4089534
0nn6l6,2,SAD,همه ی نوشیدنی ها ریخته بود!,1126607
0nn6l6,0,SAD,سفارش من کیک نوتلا بود ولی چیز کیک نوتلا ارسال شده بود.در مورد بسته بندی قهوه اینقدر بی کیفیت بود که فقط یک سوم قهوه به دستم رسید.,326719
0nn6l6,10,HAPPY,"زمان تحویل خیلی به موقع و سریع بود.
کیک و شیک هم مزه فوق العاده ای داشت",9384465
0nn6l6,8,HAPPY,هزینه ارسال نسبت به اینکه ی کوچه با ما فاصله داشت زیاده,648064
0nn6l6,4,SAD,شیک نوستالژی بستنی وانیلی آب شده بود ,5663009
0nn6l6,0,HAPPY,عالی و سریع بدستم رسید.ممنون,1531695
0nn6l6,0,HAPPY,برانی گرم نبود و خیلی سفت بود. حجم وافل به نسبت قیمتش کم بود,451745
0nn6l6,0,SAD,چيز كيك اصن خوب نبود,966264
0nn6l6,0,HAPPY,"با سپاس 
بسیار سریع و در بسته بندی مناسب و مناعت طبع پیک مربوطه
",537751
0nn6l6,0,HAPPY,عالی,704498
0nn6l6,0,HAPPY,عالی مثل همیشه,1255043
0nn6l6,0,HAPPY,عالی,709194
0nn6l6,0,HAPPY,عالی بود. طعم و عطر قهوه خوب بود گرم و سریع هم رسید واقعا ممنون.,3345460
0nn6l6,0,SAD,خیلی معمولی بود,3779961
0nn6l6,0,SAD,اسنپ اکسپرس با اینکه مسیر خیلی کوتاه بود دیر اومد...غذا کاملا یخ کرده بود !,886872
0nn6l6,0,HAPPY,مرسی ویونا :) عالی بود ,151888
0nn6l6,0,HAPPY,"اسنک ژامبون عالی بود 
کروسان تازه بود 
همراه سفارش چای هم ارسال شده بود و بسته بندی بسیار مناسب بود و چیزی هم نریخته بود ",322281
0nn6l6,0,HAPPY,خوب و گرم رسید فقط یک مقدار حجمش کم بود.,671912
0nn6l6,0,SAD,"وافل کاملا خمیر شده بود و خیلی بد بود
نان اسنک هم بشدت خشک شده بود و همراهش سس همیشگی کافه ویونا ارسال نشده بود
در کل اصلا راضی نبودم",747800
0nn6l6,0,SAD,به قیمتش نمی ارزه,261948
0nn6l6,0,SAD,با سلام و احترام. اون‌طوری که بعضی از ظاهراً مشتریان سابق، اغراق‌آمیز یاد کرده بودن، کیفیت و مواد اولیۀ خاصی نداشت و با شیکِ ویژه‌ای روبرو نشدم .,3244265
0nn6l6,0,HAPPY,عالی بود. با اینکه مسافت دور بود و‌نوشیدنی گرم و سرد و غذای گرم سفارش داده بودم همه چیز با دمای مناسب و در زمان مناسب به دستم رسید. ,191717
0nn6l6,0,HAPPY,کاش با اسنک سس می گذاشتید...,1255043
0nn6l6,0,HAPPY,خوب بود,4536335
0nn6l6,0,HAPPY,"وافل تازه و روش توت فرنگی و موز بود 
اسنک هم عالی مثل همیشه 
برخورد اسنپ‌اکسپرس هم عالی
ممنون ",322281
0nn6l6,0,HAPPY,کروسان عالی بود.کیک هم خوب بود,4536335
0nn6l6,0,HAPPY,عالي,4288968
0nn6l6,0,HAPPY,"جدیدا پیک هاتون بسته رو که میارن مقداری از محتویات ریخته
اینکه مشکل در بسته بندی از سمت رستوران یا کافه است یا پیک بی احتیاطی میکنه رو نمیدونم
لطفا پیگیری کنید ",312538
0nn6l6,0,SAD,نون سیمیت خیلی کهنه و قدیمی بود و چایی کیسه ای و رنگ خیلی پرنگی داشت، من هفته ای چندبار از ویونا صبحانه میگرفتم اولین باری بود که انقدر بد بود.,936806
0nn6l6,0,HAPPY,"مثل هميشه عاااااالي و خوشمزه
كاملا هم سالم و داغ رسيد به دستم",757786
0nn6l6,0,SAD,عاااااااااالی بود,3757484
0nn6l6,0,HAPPY,"هم بسته بنديشون خيلى خوب بود هم كيك تازه بازه بود هم بستنى آب نشده بود 
لطفا به منو بستنى اسكوپى اضافه هم اضافه كنيد ",894816
0nn6l6,0,SAD,"من یه اسپرسو سفارش دادم از کافه ویونا ولی به دستم‌رسید همش ریخته بود توی بسته بندی .
من اولش ناراحت بودم و بعد از این که پیگیری کردین خوشم امد و ممنون از پیگیریتون و اینکه مشتری براتون مهم بود واقعا‌‌‌‌ سپاس گذارم ",176530
0nn6l6,0,SAD,باید به توضیحات توجه کنند من شیک همراه با خامه میخواستم و اینکه اسنک ها چرا دور چین و سس مخصوص نداشتن,781362
0nn6l6,0,HAPPY,کیکهای ویونا همیشه تازه و عالیه,3693614
0nn6l6,0,HAPPY,عالي و لذيذ مثل هميشه,3528124
0nn6l6,0,HAPPY,کیک های ویونا همه خوشمزه و حرفه این.همیشه در خود کافه می‌گرفتیم ولی کیکی هم که فرستادن هم با بسته بندی خوب و تازه رسید.,3137896
0nn6l6,0,HAPPY,با سلا و احترام. کیفیت و طعم کیک مناسب بود و جای بهبود هم دارد. اما لیمود نعناع، بیشتر طعم آب یخ داشت تا آب‌میوه (اب یخ و تگری در داخل یخچالِ شرکت هم موجود است). لطفاً در ازای مبلغی که دریافت می‌کنید، کمتر یخ بریزید و لیوان آب‌میوه را با یخ پر نکنید؛ خلوص آب میوه، بالاتر باشد تا مشتری احساس نکند هزینۀ بی‌موردی انجام داده .,3244265
0nn6l6,0,SAD,كاپوچينو  اصلاً فوم و كف نداشت و مثل كافه اوله بود . ,1034679
0nn6l6,10,HAPPY,عالي بود,3528124
0nn6l6,0,SAD,نصف بيشتر چاي ريخته بود ,3250809
0nn6l6,10,HAPPY,عالی ,322281
0nn6l6,0,HAPPY,معمولی رو به خوب بود . ,2742424
0nn6l6,0,HAPPY,ممنون از بسته بندي خوبتون,406369
0nn6l6,0,HAPPY,یه تشکر ویژه از کافه ویونا عزیز که بعد از ۲ساعت تاخیر اسنپ (سرویس نداشتن) خودشون هزینه پیک جداگانه رو تقبل کردن و برای ما سفارشو ارسال کردن . اما از سرویس اسنپ اصلا راضی نیستم,4125658
0nn6l6,0,HAPPY,با وجود اینکه گفته بودم کارد و چنگال یکبار مصرف نفرستید ولی بازم برام فرستادن. کیفیت ویونا خیلی خوبه اگر از ظروف سازگار با محیط زیست هم استفاده کنه که دیگه عالی میشه ,3039392
0nn6l6,0,HAPPY,دولچه لاته زيادي شيرين بود اما در كل خوب بود . ,1034679
0nn6l6,0,HAPPY,طعم لیموناد نعناع را این دفعه زیاد دوست نداشتم و دلیلش هم به خاطر نوع نعناعی بود که در فصل سرد موجوده.,316586
0nn6l6,10,HAPPY,مزه خیلی خیلی عالی، شب قبل هم پیش سفارش داده بودم، امروز دقیقا سر وقت رسید. مرسی,914042
0nn6l6,0,HAPPY,عالی، سریع، داغ...مثل همیشه,3571096
0nn6l6,10,HAPPY,همه چی عالی بود از بسته بندی عالی تا کیفیت و تازگی و طعم فوق العاده و همچنین حجم ناسب و توجه به همه جزئیات .. ویونای سعادت آباد واقعا محشره!,3824848
0nn6l6,0,HAPPY,حجم چيز كيك نصف اندازه هميشه بود!,3693614
0nn6l6,2,SAD,"انقدر بی دقت غذا درست شده بود که زر ورق پنیر رو تست کرده بودن
باید بیشتر دقت کنید",3698711
0nn6l6,0,HAPPY,عالی,1568895
0nn6l6,0,SAD,برای شیک نی بزارید!,266838
0nn6l6,0,HAPPY,واقعا خوب بود ،بسته بندی و برخورد پيک ...حتما دوباره سفارش ميدم,1911260
0nn6l6,0,HAPPY,مرسی از اینکه انقدر قشنگ به توضیحات دقت میکنید,781362
0nn6l6,0,HAPPY,عالی بود، ممنونم,1189243
0nn6l6,0,HAPPY,مثل همیشه عااالی,163241
0nn6l6,0,HAPPY,بهتر از برانی و بستنی وانیلی ویونا در تهران و شایدم دنیا پیدا نمی کنید!,165591
0nn6l6,0,HAPPY,"در صورتی که امکان انتخاب تعداد شات قهوه و با افزودنی مجزا به قهوه تعریف بشود که موقع خرید قابل انتخاب شود بهتر است
سپاس ",4269109
0nn6l6,0,HAPPY,شیک نوتلای ویونا رو پیشنهاد می‌کنم...,3426277
0nn6l6,0,HAPPY,سریع،داغ و عالی,3571096
0nn6l6,0,HAPPY,"برخورد پيك عالي بود 
وافل بايد حداقل توت فرنگيم روش بود معمولي بود ولي نان سيميت خوشمزه بود",3467706
0nn6l6,0,HAPPY,عالی,3517830
0nn6l6,0,SAD,مزه اب میداد,3248198
0nn6l6,0,HAPPY,خیلی عالی بود با اینکه شیک بود سفارشم ، کاملاً خنک و عالی به دستم رسید و طعم شیک ها عالی بود .,3058323
0nn6l6,10,HAPPY,کیک موکا مثل همشه عالی بود،تارت فندق به نظر تازه نبود,3693614
0nn6l6,0,HAPPY,عالی,317470
0nn6l6,0,SAD,"اسنک ژامبون مرغ خوشمزه بود.
سالاد سزار معمولی بود.
بسته بندی عالی بود.
تحویل به موقع بود.
",3375013
0nn6l6,0,SAD,"هات‌چاکلت پودر کاکائو و آب جوش بود
شیک هم انقدر توش بیشکوییت ریخته بودن قابل خوردن نبود",167273
0nn6l6,8,HAPPY,امریکانو افتضاح بود طعم قهوه سوخته میداد,709362
0nn6l6,0,HAPPY,خییییلی خوب و خوش طعم واقعا عالی بود,3345460
0nn6l6,0,HAPPY,"هم كيك براوني هم آيس كافي و هم بسته بندي عالي بود
پيك هم خيلي به موقع و زود رسيد
با تشكر",757786
0nn6l6,0,HAPPY,برانی گرم و تازه نبود,165591
0nn6l6,10,HAPPY,از سفارش بسیار راضی بودم، بخصوص کوکو سبزی بینهایت عالی بود. سپاس فراوان,149304
0nn6l6,0,HAPPY,عالي بود بستني كاملا يخ زده و براني آماده براي٣٠ ثانيه گرم كردن بود ، ممنون از كافه ويونا و اسنپ فود ,903242
0nn6l6,0,HAPPY,شیک نوتلا به خوبی قبل نیست و این اولین دفعه نبود,3137896
0nn6l6,0,SAD,"سالاد سزار خیلی بد بود
مرغ بدمزه‌ و مونده
کاهوهایی که اصلا حرفه ای خرد نشده بود و کاملا مشخص بود مونده بود
سس هم که خیلی بدطعم بود
چنگال هم نذاشته بودن",4882808
0nn6l6,8,HAPPY,"لاته خیلی خوب بود
ولی کیک نوتلا خیلی شیرین بود،بنظرم می‌تونست بهتر باشه",4597571
0nn6l6,0,SAD,بسيار بد,4288968
0nn6l6,0,HAPPY,خوب بود,316586
0nn6l6,0,HAPPY,برانی عاااللللیییییی بود,1298995
0nn6l6,0,SAD,گران و کم بود....,671912
0nn6l6,10,HAPPY,عالی بودن ،واقعاااااااااااااا.فقط دیر رسید,3344417
0nn6l6,0,SAD,ني فراموش شده بود,3627901
0nn6l6,0,SAD,قهوه امریکنو سفارش دادم و متاسفانه ریخته بود از لیوانش و لیوانش کاملا نا مناسب برای دلیوری بود.,3442710
0nn6l6,0,HAPPY,همه چیز عالی بود ممنون از اینکه توضیحات را انجام دادید 3>,1255043
0nn6l6,0,HAPPY,خيلي زود رسيد و خوشمزززه :)) ,3883717
0nn6l6,0,HAPPY,سلام لطفا همراه شيك ، ني بگذازيد.,419175
0nn6l6,0,HAPPY,وافل عالی بود,289906
0nn6l6,0,SAD,طعم مرغ خوب نبود آب میوه هم گرم گرم بود,1556089
0nn6l6,0,SAD,"بدترين كيكي كه تا به حال خوردم.واقعا مونده و بد بود. 
",735584
0nn6l6,10,HAPPY,"بهترین کافی شاپ ، بسته بندی مناسب برای ارسال 
اسنک ها همشون عالی، سس همراه اسنک میتونه بهتر باشه ولی بازم همه چیز خوبه،کیفیت بالا",322281
0nn6l6,0,HAPPY,عالی بود,839394
0nn6l6,0,HAPPY,سالاد سزار با مرغ واقعا بد بووود ,1255043
0nn6l6,0,SAD,وافل خام بود! أصلاً مثل هميشه ترد و برشته نبود.,1074723
0nn6l6,0,SAD,بستنی مخصوص ویونا از کیفیت بسیار پایین و طعم شدیدا مصنوعی برخوردار بود اما کیک ها کیفیت مناسب و طعم و تازگی مناسب داشت.,281596
0nn6l6,0,HAPPY,عالی ,2855962
0nn6l6,0,HAPPY,نی خیلی بدی بود و زود شکست باید دوتا نی میگذاشتند,3304102
0nn6l6,0,HAPPY,با سلا و احترام. کیفیت نسبتاً مناسب بود. اما خیلی جای بهبود دارد .,3244265
0nn6l6,0,HAPPY,خوب بود .,127258
0nn6l6,0,HAPPY,حرفه ای بود فقط یکم به جز تکه های شکلات خود شیک هم شکلاتی بود بهتر بود ,4132099
0nn6l6,0,HAPPY,مثله هميشه عالى,1426189
0nn6l6,0,HAPPY,عالي و خوشمزه و خيلي سريع بدستم رسيد... مرسي از ويونا سعادت اباد,2247005
0nn6l6,0,HAPPY, وافل خمير بود.,735584
0nn6l6,0,HAPPY,عالی,1173489
0nn6l6,0,HAPPY,Ali,3638466
